titre,resume,auteurs,date_publication,journal,mots_cles,maladie,source,lien,type_contenu,date_scraping,texte
Ripasudil for Enhanced Corneal Clearing Following Descemet Membrane Endothelial Keratoplasty in Fuchs' Dystrophy,"Recently, published literature has reported that performing a descemetorhexis in combination with topical Rho kinase (ROCK) inhibitor therapy was successful in clearing edematous corneas in patients with Fuchs Endothelial Corneal Dystrophy. Ripasudil hydrochloride hydrate( Glanatec ophthalmic solution 0.4%), a potent ROCK inhibitor, has been approved in Japan since 2014 for ocular use in the treatment of glaucoma. Ripasudil acts as an IOP-lowering drug by affecting aqueous outflow through the trabecular meshwork and Schlemm's canal. The goal of this study is to test the potential benefits of Ripasudil therapy administered after Descemet Membrane Endothelial Keratoplasty (DMEK) surgery. We believe that performing a standard DMEK surgery in combination with Ripasudil treatment in patients with Fuchs Endothelial Corneal Dystrophy could accelerate endothelial cell healing and clear edematous corneas faster, with less post-operative complications.","Alex J Bauer, B.S. | Michael D Straiko, M.D.",2019-03-25,"Michael D. Straiko, MD",Fuchs Endothelial Dystrophy | eye diseases | ClinicalTrials,eye diseases,ClinicalTrials,https://clinicaltrials.gov/study/NCT03813056,treatment,2026-05-31 23:58:00.364,"ripasudil for enhanced corneal clearing following descemet membrane endothelial keratoplasty in fuchs' dystrophy recently, published literature has reported that performing a descemetorhexis in combination with topical rho kinase (rock) inhibitor therapy was successful in clearing edematous corneas in patients with fuchs endothelial corneal dystrophy. ripasudil hydrochloride hydrate( glanatec ophthalmic solution 0.4%), a potent rock inhibitor, has been approved in japan since 2014 for ocular use in the treatment of glaucoma. ripasudil acts as an iop-lowering drug by affecting aqueous outflow through the trabecular meshwork and schlemm's canal. the goal of this study is to test the potential benefits of ripasudil therapy administered after descemet membrane endothelial keratoplasty (dmek) surgery. we believe that performing a standard dmek surgery in combination with ripasudil treatment in patients with fuchs endothelial corneal dystrophy could accelerate endothelial cell healing and clear edematous corneas faster, with less post-operative complications."
Climate change and vector-borne diseases: a regional analysis.,Climate change and vector-borne diseases: a regional analysis.,"Githeko, A. K. | Lindsay, S. W. | Confalonieri, U. E. | Patz, J. A.",2000-12-31,World Health Organization,Research Article | digestive diseases | WHO,digestive diseases,WHO,https://iris.who.int/handle/10665/268220,other,2026-06-01 00:05:48.828,climate change and vector-borne diseases: a regional analysis. climate change and vector-borne diseases: a regional analysis.
"LUNG CANCER MORTALITY, 1986 = MORTALITÉ PAR CANCER DU POUMON, 1986","LUNG CANCER MORTALITY, 1986 = MORTALITÉ PAR CANCER DU POUMON, 1986",World Health Organization,1990-12-31,WHO,cancer | WHO,cancer,WHO,https://iris.who.int/handle/10665/227657,other,2026-06-01 00:05:11.845,"lung cancer mortality, 1986 = mortalité par cancer du poumon, 1986 lung cancer mortality, 1986 = mortalité par cancer du poumon, 1986"
Online Information Behavior Regarding COVID-19 Vaccination and Its Association With Vaccination Behavior Based on Cluster Analysis of User Groups: Cross-Sectional Study.,"The COVID-19 pandemic highlighted the importance of effective health communication and reliable information for crisis management, particularly following the introduction of vaccinations. Varied attitudes toward COVID-19 vaccination and an overwhelming amount of online information complicated communication and pandemic management. Previous studies have often focused on general vaccination behavior and its correlation with vaccination attitudes, establishing a link between information-seeking and vaccination decisions. However, there is insufficient analysis distinguishing specific user groups based on their actual online information behavior regarding COVID-19 vaccination and examining its correlation with vaccination behavior. This study aims to fill this research gap by identifying user groups based on their information behavior and investigating its influence on vaccination uptake. As part of the ""Internetnutzung zur COVID-19-Impfung"" (INCOVI) study, 1000 individuals in Germany were surveyed online (November 26 to December 8, 2021) regarding their internet usage related to COVID-19 vaccination. A hierarchical cluster analysis was conducted to identify user groups. Logistic regression analyses were then used to explore correlations among the user groups and their demographic characteristics, readiness to vaccinate, knowledge of vaccination, and health literacy. Additionally, a logistic regression analysis was performed to identify the influence of user groups and other factors on vaccination behavior. A total of 3 user groups were identified: frequent and critical information evaluators (454/778, 58.4%), who primarily relied on official information sources, exhibited a higher level of health literacy, and were older than the other groups; infrequent and passive recipients (222/778, 28.5%), who rarely sought information actively and were younger than the other groups; and frequent and multichannel, interaction-focused users (102/778, 13.1%), who actively searched across multiple channels and engaged in information exchange. Notably, the user groups did not significantly differ in knowledge or willingness to vaccinate. User group affiliation, knowledge, and health literacy did not significantly influence vaccination behavior. The strongest predictor of vaccination was preexisting willingness to vaccinate. Additionally, women were more likely to be vaccinated than men, and individuals with medium or higher education levels were 6-11 times more likely to be vaccinated compared to those with only a basic level of education. Segmenting the population into different user groups allows for more targeted communication tailored to the specific needs and beliefs of each group. Because these groups stem from observable usage patterns, they constitute a transferable framework for other health topics. For frequent and critical information evaluators, providing well-founded and detailed information on public channels is important. Infrequent and passive recipients benefit from straightforward formats, such as short explanatory videos, while frequent and multichannel, interaction-focused users are better reached through interactive offerings on social media. By specifically targeting these groups, informed decision-making about vaccinations can be supported.",Liebner Lea | Babitsch Birgit | Schmidt Lisa,2026-May,JMIR infodemiology,COVID-19 vaccination | cluster analysis | information-seeking behavior | internet use | user groups | respiratory diseases | PubMed,respiratory diseases,PubMed,https://pubmed.ncbi.nlm.nih.gov/42214069/,prevention,2026-06-01 00:07:16.847,"online information behavior regarding covid-19 vaccination and its association with vaccination behavior based on cluster analysis of user groups: cross-sectional study. the covid-19 pandemic highlighted the importance of effective health communication and reliable information for crisis management, particularly following the introduction of vaccinations. varied attitudes toward covid-19 vaccination and an overwhelming amount of online information complicated communication and pandemic management. previous studies have often focused on general vaccination behavior and its correlation with vaccination attitudes, establishing a link between information-seeking and vaccination decisions. however, there is insufficient analysis distinguishing specific user groups based on their actual online information behavior regarding covid-19 vaccination and examining its correlation with vaccination behavior. this study aims to fill this research gap by identifying user groups based on their information behavior and investigating its influence on vaccination uptake. as part of the ""internetnutzung zur covid-19-impfung"" (incovi) study, 1000 individuals in germany were surveyed online (november 26 to december 8, 2021) regarding their internet usage related to covid-19 vaccination. a hierarchical cluster analysis was conducted to identify user groups. logistic regression analyses were then used to explore correlations among the user groups and their demographic characteristics, readiness to vaccinate, knowledge of vaccination, and health literacy. additionally, a logistic regression analysis was performed to identify the influence of user groups and other factors on vaccination behavior. a total of 3 user groups were identified: frequent and critical information evaluators (454/778, 58.4%), who primarily relied on official information sources, exhibited a higher level of health literacy, and were older than the other groups; infrequent and passive recipients (222/778, 28.5%), who rarely sought information actively and were younger than the other groups; and frequent and multichannel, interaction-focused users (102/778, 13.1%), who actively searched across multiple channels and engaged in information exchange. notably, the user groups did not significantly differ in knowledge or willingness to vaccinate. user group affiliation, knowledge, and health literacy did not significantly influence vaccination behavior. the strongest predictor of vaccination was preexisting willingness to vaccinate. additionally, women were more likely to be vaccinated than men, and individuals with medium or higher education levels were 6-11 times more likely to be vaccinated compared to those with only a basic level of education. segmenting the population into different user groups allows for more targeted communication tailored to the specific needs and beliefs of each group. because these groups stem from observable usage patterns, they constitute a transferable framework for other health topics. for frequent and critical information evaluators, providing well-founded and detailed information on public channels is important. infrequent and passive recipients benefit from straightforward formats, such as short explanatory videos, while frequent and multichannel, interaction-focused users are better reached through interactive offerings on social media. by specifically targeting these groups, informed decision-making about vaccinations can be supported."
PEGylation as a strategy for improving nanoparticle-based drug and gene delivery.,"Coating the surface of nanoparticles with polyethylene glycol (PEG), or ""PEGylation"", is a commonly used approach for improving the efficiency of drug and gene delivery to target cells and tissues. Building from the success of PEGylating proteins to improve systemic circulation time and decrease immunogenicity, the impact of PEG coatings on the fate of systemically administered nanoparticle formulations has, and continues to be, widely studied. PEG coatings on nanoparticles shield the surface from aggregation, opsonization, and phagocytosis, prolonging systemic circulation time. Here, we briefly describe the history of the development of PEGylated nanoparticle formulations for systemic administration, including how factors such as PEG molecular weight, PEG surface density, nanoparticle core properties, and repeated administration impact circulation time. A less frequently discussed topic, we then describe how PEG coatings on nanoparticles have also been utilized for overcoming various biological barriers to efficient drug and gene delivery associated with other modes of administration, ranging from gastrointestinal to ocular. Finally, we describe both methods for PEGylating nanoparticles and methods for characterizing PEG surface density, a key factor in the effectiveness of the PEG surface coating for improving drug and gene delivery.",Jung Soo Suk | Qingguo Xu | Namho Kim | Justin Hanes | Laura M Ensign,2015-10-09,Unknown,Liposomes | Mucosal Delivery | Enhanced Permeability And Retention (Epr) Effect | Mononuclear Phagocyte System (Mps) | Stealth Coatings | eye diseases | Europe PMC,eye diseases,Europe PMC,https://pubmed.ncbi.nlm.nih.gov/26456916/,treatment,2026-06-01 00:01:44.095,"pegylation as a strategy for improving nanoparticle-based drug and gene delivery. coating the surface of nanoparticles with polyethylene glycol (peg), or ""pegylation"", is a commonly used approach for improving the efficiency of drug and gene delivery to target cells and tissues. building from the success of pegylating proteins to improve systemic circulation time and decrease immunogenicity, the impact of peg coatings on the fate of systemically administered nanoparticle formulations has, and continues to be, widely studied. peg coatings on nanoparticles shield the surface from aggregation, opsonization, and phagocytosis, prolonging systemic circulation time. here, we briefly describe the history of the development of pegylated nanoparticle formulations for systemic administration, including how factors such as peg molecular weight, peg surface density, nanoparticle core properties, and repeated administration impact circulation time. a less frequently discussed topic, we then describe how peg coatings on nanoparticles have also been utilized for overcoming various biological barriers to efficient drug and gene delivery associated with other modes of administration, ranging from gastrointestinal to ocular. finally, we describe both methods for pegylating nanoparticles and methods for characterizing peg surface density, a key factor in the effectiveness of the peg surface coating for improving drug and gene delivery."
Autoantibodies in long COVID: A mechanistic foothold in a heterogeneous disease.,"Long COVID is a heterogeneous, multi-system disease that poses challenges for patients, health systems, and economies. Two papers in Cell and Cell Reports Medicine from independent groups suggest that autoantibodies in a subset of long COVID patients can directly drive symptoms such as pain, fatigue, or neurocognitive problems.",Wall Emma C | Richter Alex G,2026-May,Cell,Humans | COVID-19 | Post-Acute COVID-19 Syndrome | Autoantibodies | SARS-CoV-2 | respiratory diseases | PubMed,respiratory diseases,PubMed,https://pubmed.ncbi.nlm.nih.gov/42208496/,treatment,2026-06-01 00:07:17.311,"autoantibodies in long covid: a mechanistic foothold in a heterogeneous disease. long covid is a heterogeneous, multi-system disease that poses challenges for patients, health systems, and economies. two papers in cell and cell reports medicine from independent groups suggest that autoantibodies in a subset of long covid patients can directly drive symptoms such as pain, fatigue, or neurocognitive problems."
A Study to Assess the Safety and Efficacy of Adalimumab When Added to Inadequate Standard Anti-Rheumatic Therapy in Patients With Active Rheumatoid Arthritis,"This is an open-label, multi-center study in which adalimumab (D2E7) is administered subcutaneously 40 mg every other week in addition to current anti-rheumatic therapies. Patients must have active disease despite standard anti-rheumatic therapy.",Abbott,2002-09,Abbott,Rheumatoid Arthritis | autoimmune diseases | ClinicalTrials,autoimmune diseases,ClinicalTrials,https://clinicaltrials.gov/study/NCT00448383,treatment,2026-05-31 23:58:37.743,"a study to assess the safety and efficacy of adalimumab when added to inadequate standard anti-rheumatic therapy in patients with active rheumatoid arthritis this is an open-label, multi-center study in which adalimumab (d2e7) is administered subcutaneously 40 mg every other week in addition to current anti-rheumatic therapies. patients must have active disease despite standard anti-rheumatic therapy."
Optimizing Retention in Care and Adherence to Anti-retroviral Therapy Amongst Adolescents Living With HIV in Rwanda,"HIV has now become the leading cause of death amongst adolescents in Africa with over 2.1 million adolescents (aged 10-19 years old) living with HIV today. Poor adherence to anti-retroviral therapy (ART) leads to suppressed immune function, treatment failure, increased morbidity and mortality with significant costs to households and health systems. The investigators aim to undertake a feasibility study of an intervention targeting adolescents living with HIV in Rwanda built on two components. 1. Life-skills training: Adolescents receive training on economic empowerment, financial literacy, healthy relationships and adherence during the peer group sessions. 2. Financial incentives: Combined short-term and long-term incentives for clinic attendance and suppressed viral load that will be delivered through mobile banking.","Youth Development Labs, Inc dba YLabs",2016-10-01,"Youth Development Labs, Inc dba YLabs",Human Immunodeficiency Virus | infectious diseases | ClinicalTrials,infectious diseases,ClinicalTrials,https://clinicaltrials.gov/study/NCT04531605,treatment,2026-05-31 23:58:22.610,"optimizing retention in care and adherence to anti-retroviral therapy amongst adolescents living with hiv in rwanda hiv has now become the leading cause of death amongst adolescents in africa with over 2.1 million adolescents (aged 10-19 years old) living with hiv today. poor adherence to anti-retroviral therapy (art) leads to suppressed immune function, treatment failure, increased morbidity and mortality with significant costs to households and health systems. the investigators aim to undertake a feasibility study of an intervention targeting adolescents living with hiv in rwanda built on two components. 1. life-skills training: adolescents receive training on economic empowerment, financial literacy, healthy relationships and adherence during the peer group sessions. 2. financial incentives: combined short-term and long-term incentives for clinic attendance and suppressed viral load that will be delivered through mobile banking."
Full-length transcriptome assembly from RNA-Seq data without a reference genome.,"Massively parallel sequencing of cDNA has enabled deep and efficient probing of transcriptomes. Current approaches for transcript reconstruction from such data often rely on aligning reads to a reference genome, and are thus unsuitable for samples with a partial or missing reference genome. Here we present the Trinity method for de novo assembly of full-length transcripts and evaluate it on samples from fission yeast, mouse and whitefly, whose reference genome is not yet available. By efficiently constructing and analyzing sets of de Bruijn graphs, Trinity fully reconstructs a large fraction of transcripts, including alternatively spliced isoforms and transcripts from recently duplicated genes. Compared with other de novo transcriptome assemblers, Trinity recovers more full-length transcripts across a broad range of expression levels, with a sensitivity similar to methods that rely on genome alignments. Our approach provides a unified solution for transcriptome reconstruction in any sample, especially in the absence of a reference genome.",Manfred G Grabherr | Brian J Haas | Moran Yassour | Joshua Z Levin | Dawn A Thompson | Ido Amit | Xian Adiconis | Lin Fan | Raktima Raychowdhury | Qiandong Zeng | Zehua Chen | Evan Mauceli | Nir Hacohen | Andreas Gnirke | Nicholas Rhind | Federica di Palma | Bruce W Birren | Chad Nusbaum | Kerstin Lindblad-Toh | Nir Friedman | Aviv Regev,2011-05-15,Unknown,cancer | Europe PMC,cancer,Europe PMC,https://pubmed.ncbi.nlm.nih.gov/21572440/,research,2026-06-01 00:00:08.389,"full-length transcriptome assembly from rna-seq data without a reference genome. massively parallel sequencing of cdna has enabled deep and efficient probing of transcriptomes. current approaches for transcript reconstruction from such data often rely on aligning reads to a reference genome, and are thus unsuitable for samples with a partial or missing reference genome. here we present the trinity method for de novo assembly of full-length transcripts and evaluate it on samples from fission yeast, mouse and whitefly, whose reference genome is not yet available. by efficiently constructing and analyzing sets of de bruijn graphs, trinity fully reconstructs a large fraction of transcripts, including alternatively spliced isoforms and transcripts from recently duplicated genes. compared with other de novo transcriptome assemblers, trinity recovers more full-length transcripts across a broad range of expression levels, with a sensitivity similar to methods that rely on genome alignments. our approach provides a unified solution for transcriptome reconstruction in any sample, especially in the absence of a reference genome."
Activation of Sirt1 by Glyasperin F Suppresses PI3K/Akt/HIF-1α Signaling and Inhibits Glycolytic Metabolism to Ameliorate Pathology in Rheumatoid Arthritis-Associated Interstitial Lung Disease.,"Rheumatoid arthritis-associated interstitial lung disease (RA-ILD) is a severe extra-articular complication with limited treatment options. This study identified Glyasperin F, a flavonoid derived from licorice and dried ginger decoction, as a potent inhibitor of glycolytic reprogramming in RA-ILD. Using a murine model combining collagen-induced arthritis and bleomycin-induced pulmonary fibrosis, we demonstrated that Glyasperin F significantly alleviated joint inflammation and pulmonary fibrosis. An in vitro inflammatory-fibrotic model was established by co-stimulating MRC-5 human lung fibroblasts with TGF-β1 and IL-1β. This model was combined with pharmacological modulation of Sirt1 using EX527 and SRT1720, as well as HIF-1α overexpression or empty-vector lentiviral transduction, to dissect the underlying molecular mechanisms. Mechanistically, Glyasperin F upregulated Sirt1, thereby suppressing the PI3K/Akt/HIF-1α pathway, downregulating key glycolytic enzymes (HK2, PFK, PKM2, LDHA), and reducing lactate/ATP production and oxidative stress. HIF-1α overexpression reversed these therapeutic effects. This study suggests that Glyasperin F has the potential to serve as a natural candidate compound for the regulation of glycolytic metabolism in the intervention of RA-ILD.",Yuan Hui | Leng Wei | Yu Nan | Yu Yong | Yang Chuangbo | Bai Yanrong | Xia Xinxin | Wang Yue,2026-Jun,FASEB journal : official publication of the Federation of American Societies for Experimental Biology,Glyasperin F | Sirtuin 1 | glycolysis | hypoxia‐inducible factor 1‐alpha | phosphoinositide 3‐kinase/protein kinase B | rheumatoid arthritis‐associated interstitial lung disease | respiratory diseases | PubMed,respiratory diseases,PubMed,https://pubmed.ncbi.nlm.nih.gov/42216775/,research,2026-06-01 00:07:16.654,"activation of sirt1 by glyasperin f suppresses pi3k/akt/hif-1α signaling and inhibits glycolytic metabolism to ameliorate pathology in rheumatoid arthritis-associated interstitial lung disease. rheumatoid arthritis-associated interstitial lung disease (ra-ild) is a severe extra-articular complication with limited treatment options. this study identified glyasperin f, a flavonoid derived from licorice and dried ginger decoction, as a potent inhibitor of glycolytic reprogramming in ra-ild. using a murine model combining collagen-induced arthritis and bleomycin-induced pulmonary fibrosis, we demonstrated that glyasperin f significantly alleviated joint inflammation and pulmonary fibrosis. an in vitro inflammatory-fibrotic model was established by co-stimulating mrc-5 human lung fibroblasts with tgf-β1 and il-1β. this model was combined with pharmacological modulation of sirt1 using ex527 and srt1720, as well as hif-1α overexpression or empty-vector lentiviral transduction, to dissect the underlying molecular mechanisms. mechanistically, glyasperin f upregulated sirt1, thereby suppressing the pi3k/akt/hif-1α pathway, downregulating key glycolytic enzymes (hk2, pfk, pkm2, ldha), and reducing lactate/atp production and oxidative stress. hif-1α overexpression reversed these therapeutic effects. this study suggests that glyasperin f has the potential to serve as a natural candidate compound for the regulation of glycolytic metabolism in the intervention of ra-ild."
Clinical Study to Evaluate the Implantation of the ActiGait Drop Foot Stimulator System,The objective of this study is to evaluate the efficacy and safety of surgical procedure involving ActiGait - implantable drop foot stimulator.,Otto Bock Healthcare Products GmbH,2009-08,Otto Bock Healthcare Products GmbH,Stroke | Hemiplegia | neurological diseases | ClinicalTrials,neurological diseases,ClinicalTrials,https://clinicaltrials.gov/study/NCT01116466,treatment,2026-05-31 23:57:44.931,clinical study to evaluate the implantation of the actigait drop foot stimulator system the objective of this study is to evaluate the efficacy and safety of surgical procedure involving actigait - implantable drop foot stimulator.
Laboratory needs for emerging infectious diseases,145-150,"LeDuc, James W.",1996-12-31,WHO,"Communicable Diseases | Influenza, Human | Drug Resistance, Microbial | infectious diseases | WHO",infectious diseases,WHO,https://iris.who.int/handle/10665/119039,other,2026-06-01 00:05:53.572,laboratory needs for emerging infectious diseases 145-150
COVID-19 (Coronavirus Disease 2019),"COVID-19 (coronavirus disease 2019) is an illness caused by a virus. This virus is a coronavirus called SARS-CoV-2. It spreads when a person who has the infection breathes out droplets and very small particles that contain the virus. On this page, you'll find links to resources on important issues such as symptoms, risks, and how you can protect yourself and your family. We also have pages on: COVID-19 testing COVID-19 vaccines Post-COVID conditions (long COVID)",MedlinePlus Editorial Team,2026-06-01,MedlinePlus,COVID-19 | respiratory diseases | MedlinePlus,respiratory diseases,MedlinePlus,https://medlineplus.gov/covid19coronavirusdisease2019.html,prevention,2026-06-01 00:04:06.011,"covid-19 (coronavirus disease 2019) covid-19 (coronavirus disease 2019) is an illness caused by a virus. this virus is a coronavirus called sars-cov-2. it spreads when a person who has the infection breathes out droplets and very small particles that contain the virus. on this page, you'll find links to resources on important issues such as symptoms, risks, and how you can protect yourself and your family. we also have pages on: covid-19 testing covid-19 vaccines post-covid conditions (long covid)"
Daily Magnesium-supplement for Severe Asthmatics,"The present study is part of a project titled 'Magnesium in asthma and chronic obstructive pulmonary disease'. The hypothesis of the main project is that a daily magnesium supplement will benefit patients with asthma and chronic obstructive pulmonary disease. The aim of this part of the project is to reveal possible beneficial effects of daily magnesium supplement for severe asthmatics, refractory to conventional treatment.",University of Aarhus,2011-04,University of Aarhus,Asthma | respiratory diseases | ClinicalTrials,respiratory diseases,ClinicalTrials,https://clinicaltrials.gov/study/NCT01113151,treatment,2026-05-31 23:57:52.026,"daily magnesium-supplement for severe asthmatics the present study is part of a project titled 'magnesium in asthma and chronic obstructive pulmonary disease'. the hypothesis of the main project is that a daily magnesium supplement will benefit patients with asthma and chronic obstructive pulmonary disease. the aim of this part of the project is to reveal possible beneficial effects of daily magnesium supplement for severe asthmatics, refractory to conventional treatment."
"Ferroptosis: mechanisms, biology and role in disease.","The research field of ferroptosis has seen exponential growth over the past few years, since the term was coined in 2012. This unique modality of cell death, driven by iron-dependent phospholipid peroxidation, is regulated by multiple cellular metabolic pathways, including redox homeostasis, iron handling, mitochondrial activity and metabolism of amino acids, lipids and sugars, in addition to various signalling pathways relevant to disease. Numerous organ injuries and degenerative pathologies are driven by ferroptosis. Intriguingly, therapy-resistant cancer cells, particularly those in the mesenchymal state and prone to metastasis, are exquisitely vulnerable to ferroptosis. As such, pharmacological modulation of ferroptosis, via both its induction and its inhibition, holds great potential for the treatment of drug-resistant cancers, ischaemic organ injuries and other degenerative diseases linked to extensive lipid peroxidation. In this Review, we provide a critical analysis of the current molecular mechanisms and regulatory networks of ferroptosis, the potential physiological functions of ferroptosis in tumour suppression and immune surveillance, and its pathological roles, together with a potential for therapeutic targeting. Importantly, as in all rapidly evolving research areas, challenges exist due to misconceptions and inappropriate experimental methods. This Review also aims to address these issues and to provide practical guidelines for enhancing reproducibility and reliability in studies of ferroptosis. Finally, we discuss important concepts and pressing questions that should be the focus of future ferroptosis research.",Xuejun Jiang | Brent R Stockwell | Marcus Conrad,2021-01-25,Unknown,heart disease | Europe PMC,heart disease,Europe PMC,https://pubmed.ncbi.nlm.nih.gov/33495651/,research,2026-06-01 00:00:47.389,"ferroptosis: mechanisms, biology and role in disease. the research field of ferroptosis has seen exponential growth over the past few years, since the term was coined in 2012. this unique modality of cell death, driven by iron-dependent phospholipid peroxidation, is regulated by multiple cellular metabolic pathways, including redox homeostasis, iron handling, mitochondrial activity and metabolism of amino acids, lipids and sugars, in addition to various signalling pathways relevant to disease. numerous organ injuries and degenerative pathologies are driven by ferroptosis. intriguingly, therapy-resistant cancer cells, particularly those in the mesenchymal state and prone to metastasis, are exquisitely vulnerable to ferroptosis. as such, pharmacological modulation of ferroptosis, via both its induction and its inhibition, holds great potential for the treatment of drug-resistant cancers, ischaemic organ injuries and other degenerative diseases linked to extensive lipid peroxidation. in this review, we provide a critical analysis of the current molecular mechanisms and regulatory networks of ferroptosis, the potential physiological functions of ferroptosis in tumour suppression and immune surveillance, and its pathological roles, together with a potential for therapeutic targeting. importantly, as in all rapidly evolving research areas, challenges exist due to misconceptions and inappropriate experimental methods. this review also aims to address these issues and to provide practical guidelines for enhancing reproducibility and reliability in studies of ferroptosis. finally, we discuss important concepts and pressing questions that should be the focus of future ferroptosis research."
"Cancer statistics, 2024.","Each year, the American Cancer Society estimates the numbers of new cancer cases and deaths in the United States and compiles the most recent data on population-based cancer occurrence and outcomes using incidence data collected by central cancer registries (through 2020) and mortality data collected by the National Center for Health Statistics (through 2021). In 2024, 2,001,140 new cancer cases and 611,720 cancer deaths are projected to occur in the United States. Cancer mortality continued to decline through 2021, averting over 4 million deaths since 1991 because of reductions in smoking, earlier detection for some cancers, and improved treatment options in both the adjuvant and metastatic settings. However, these gains are threatened by increasing incidence for 6 of the top 10 cancers. Incidence rates increased during by 0.6%-1% annually for breast, pancreas, and uterine corpus cancers and by 2%-3% annually for prostate, liver (female), kidney, and human papillomavirus-associated oral cancers and for melanoma. Incidence rates also increased by 1%-2% annually for cervical (ages 30-44 years) and colorectal cancers (ages <55 years) in young adults. Colorectal cancer was the fourth-leading cause of cancer death in both men and women younger than 50 years in the late-1990s but is now first in men and second in women. Progress is also hampered by wide persistent cancer disparities; compared to White people, mortality rates are two-fold higher for prostate, stomach and uterine corpus cancers in Black people and for liver, stomach, and kidney cancers in Native American people. Continued national progress will require increased investment in cancer prevention and access to equitable treatment, especially among American Indian and Alaska Native and Black individuals.",Rebecca L Siegel | Angela N Giaquinto | Ahmedin Jemal,2024-01-17,Unknown,Mortality | incidence | Cancer Cases | Death Rates | Cancer Statistics | cancer | Europe PMC,cancer,Europe PMC,https://pubmed.ncbi.nlm.nih.gov/38230766/,research,2026-06-01 00:00:08.721,"cancer statistics, 2024. each year, the american cancer society estimates the numbers of new cancer cases and deaths in the united states and compiles the most recent data on population-based cancer occurrence and outcomes using incidence data collected by central cancer registries (through 2020) and mortality data collected by the national center for health statistics (through 2021). in 2024, 2,001,140 new cancer cases and 611,720 cancer deaths are projected to occur in the united states. cancer mortality continued to decline through 2021, averting over 4 million deaths since 1991 because of reductions in smoking, earlier detection for some cancers, and improved treatment options in both the adjuvant and metastatic settings. however, these gains are threatened by increasing incidence for 6 of the top 10 cancers. incidence rates increased during by 0.6%-1% annually for breast, pancreas, and uterine corpus cancers and by 2%-3% annually for prostate, liver (female), kidney, and human papillomavirus-associated oral cancers and for melanoma. incidence rates also increased by 1%-2% annually for cervical (ages 30-44 years) and colorectal cancers (ages <55 years) in young adults. colorectal cancer was the fourth-leading cause of cancer death in both men and women younger than 50 years in the late-1990s but is now first in men and second in women. progress is also hampered by wide persistent cancer disparities; compared to white people, mortality rates are two-fold higher for prostate, stomach and uterine corpus cancers in black people and for liver, stomach, and kidney cancers in native american people. continued national progress will require increased investment in cancer prevention and access to equitable treatment, especially among american indian and alaska native and black individuals."
Pediatric mediastinal tumor unveiled as T-cell prolymphocytic leukemia: diagnostic pitfalls-a case report.,"T-cell prolymphocytic leukemia (T-PLL) is a rare and highly aggressive mature T-cell malignancy that predominantly affects older adults. Its occurrence in childhood is exceptionally uncommon and may mimic other neoplasms, such as lymphoma or thymoma, particularly when associated with mediastinal masses or generalized lymphadenopathy. A 13-year-old Turkish girl presented with severe respiratory distress. Thoracic imaging demonstrated a large anterior mediastinal mass. In the prevascular mediastinal compartment, the most common tumors include thymoma, germ cell neoplasms, and lymphoma. The initial needle biopsy was of limited diagnostic value due to crush artifacts and demonstrated a T-cell-predominant infiltrate with focal keratin positivity, initially suggestive of a thymic neoplasm. Based on this preliminary interpretation, empiric chemotherapy for presumed advanced thymoma was initiated. However, detailed systemic radiological assessment revealed that the mass was not confined to the mediastinum but also accompanied by widespread lymphadenopathy. Subsequent systemic radiological evaluation revealed widespread lymphadenopathy beyond the mediastinum, prompting an incisional lymph node biopsy. Immunohistochemical analysis revealed a neoplasm lacking an epithelial component (negative for P63, pancytokeratin, and cytokeratin) and composed entirely of lymphoid cells. The tumor cells showed diffuse positivity for CD45, CD3, CD5, CD8, and BCL-2, with a high Ki-67 proliferation index, and were negative for immaturity markers (CD34, TdT, CD33). Taken together, these findings supported a mature T-cell neoplasm most consistent with T-PLL, although the absence of molecular confirmation limited definitive diagnostic certainty. Bone marrow evaluation was non-diagnostic. This case illustrates the diagnostic challenges of pediatric T-PLL and demonstrates that a multidisciplinary correlation of clinical, histological, immunophenotypic, and molecular features-together with repeated biopsy and comprehensive immunophenotyping-can be decisive for timely and accurate diagnosis.",Çalışkan Kamış Şule | Karagün Barbaros Şahin | Adamhasan Fulya | Koç Ayşe Selcan,2026-May,Journal of medical case reports,Extramedullary biopsy | Mediastinal mass | Pediatric thymoma | T-cell prolymphocytic leukemia | İmmunohistochemistry | respiratory diseases | PubMed,respiratory diseases,PubMed,https://pubmed.ncbi.nlm.nih.gov/42210257/,diagnostic,2026-06-01 00:07:17.141,"pediatric mediastinal tumor unveiled as t-cell prolymphocytic leukemia: diagnostic pitfalls-a case report. t-cell prolymphocytic leukemia (t-pll) is a rare and highly aggressive mature t-cell malignancy that predominantly affects older adults. its occurrence in childhood is exceptionally uncommon and may mimic other neoplasms, such as lymphoma or thymoma, particularly when associated with mediastinal masses or generalized lymphadenopathy. a 13-year-old turkish girl presented with severe respiratory distress. thoracic imaging demonstrated a large anterior mediastinal mass. in the prevascular mediastinal compartment, the most common tumors include thymoma, germ cell neoplasms, and lymphoma. the initial needle biopsy was of limited diagnostic value due to crush artifacts and demonstrated a t-cell-predominant infiltrate with focal keratin positivity, initially suggestive of a thymic neoplasm. based on this preliminary interpretation, empiric chemotherapy for presumed advanced thymoma was initiated. however, detailed systemic radiological assessment revealed that the mass was not confined to the mediastinum but also accompanied by widespread lymphadenopathy. subsequent systemic radiological evaluation revealed widespread lymphadenopathy beyond the mediastinum, prompting an incisional lymph node biopsy. immunohistochemical analysis revealed a neoplasm lacking an epithelial component (negative for p63, pancytokeratin, and cytokeratin) and composed entirely of lymphoid cells. the tumor cells showed diffuse positivity for cd45, cd3, cd5, cd8, and bcl-2, with a high ki-67 proliferation index, and were negative for immaturity markers (cd34, tdt, cd33). taken together, these findings supported a mature t-cell neoplasm most consistent with t-pll, although the absence of molecular confirmation limited definitive diagnostic certainty. bone marrow evaluation was non-diagnostic. this case illustrates the diagnostic challenges of pediatric t-pll and demonstrates that a multidisciplinary correlation of clinical, histological, immunophenotypic, and molecular features-together with repeated biopsy and comprehensive immunophenotyping-can be decisive for timely and accurate diagnosis."
Clinical Trial Readiness for the Dystroglycanopathies,"The purpose of the study is to describe the early signs and symptoms of the dystroglycanopathies, and to gather information that will be required for future clinical trials.","Carrie Stephan, R.N. M.A.",2006-04,Katherine Mathews,Muscular Dystrophy | eye diseases | ClinicalTrials,eye diseases,ClinicalTrials,https://clinicaltrials.gov/study/NCT00313677,treatment,2026-05-31 23:58:01.655,"clinical trial readiness for the dystroglycanopathies the purpose of the study is to describe the early signs and symptoms of the dystroglycanopathies, and to gather information that will be required for future clinical trials."
Handbook for cancer research in Africa,"147 p., ill., tabl.",World Health Organization. Regional Office for Africa | AORTIC | OAREC,2013-12-31,World Health Organization,cancer | WHO,cancer,WHO,https://iris.who.int/handle/10665/100065,other,2026-06-01 00:05:12.018,"handbook for cancer research in africa 147 p., ill., tabl."
Bioavailability of curcumin: problems and promises.,"Curcumin, a polyphenolic compound derived from dietary spice turmeric, possesses diverse pharmacologic effects including anti-inflammatory, antioxidant, antiproliferative and antiangiogenic activities. Phase I clinical trials have shown that curcumin is safe even at high doses (12 g/day) in humans but exhibit poor bioavailability. Major reasons contributing to the low plasma and tissue levels of curcumin appear to be due to poor absorption, rapid metabolism, and rapid systemic elimination. To improve the bioavailability of curcumin, numerous approaches have been undertaken. These approaches involve, first, the use of adjuvant like piperine that interferes with glucuronidation; second, the use of liposomal curcumin; third, curcumin nanoparticles; fourth, the use of curcumin phospholipid complex; and fifth, the use of structural analogues of curcumin (e.g., EF-24). The latter has been reported to have a rapid absorption with a peak plasma half-life. Despite the lower bioavailability, therapeutic efficacy of curcumin against various human diseases, including cancer, cardiovascular diseases, diabetes, arthritis, neurological diseases and Crohn's disease, has been documented. Enhanced bioavailability of curcumin in the near future is likely to bring this promising natural product to the forefront of therapeutic agents for treatment of human disease.",Preetha Anand | Ajaikumar B Kunnumakkara | Robert A Newman | Bharat B Aggarwal,2007-11-14,Unknown,neurological diseases | Europe PMC,neurological diseases,Europe PMC,https://pubmed.ncbi.nlm.nih.gov/17999464/,treatment,2026-06-01 00:01:07.671,"bioavailability of curcumin: problems and promises. curcumin, a polyphenolic compound derived from dietary spice turmeric, possesses diverse pharmacologic effects including anti-inflammatory, antioxidant, antiproliferative and antiangiogenic activities. phase i clinical trials have shown that curcumin is safe even at high doses (12 g/day) in humans but exhibit poor bioavailability. major reasons contributing to the low plasma and tissue levels of curcumin appear to be due to poor absorption, rapid metabolism, and rapid systemic elimination. to improve the bioavailability of curcumin, numerous approaches have been undertaken. these approaches involve, first, the use of adjuvant like piperine that interferes with glucuronidation; second, the use of liposomal curcumin; third, curcumin nanoparticles; fourth, the use of curcumin phospholipid complex; and fifth, the use of structural analogues of curcumin (e.g., ef-24). the latter has been reported to have a rapid absorption with a peak plasma half-life. despite the lower bioavailability, therapeutic efficacy of curcumin against various human diseases, including cancer, cardiovascular diseases, diabetes, arthritis, neurological diseases and crohn's disease, has been documented. enhanced bioavailability of curcumin in the near future is likely to bring this promising natural product to the forefront of therapeutic agents for treatment of human disease."
Clinical characteristics and associated factors of celiac disease complicated by Helicobacter pylori-negative chronic gastritis: A retrospective study.,"Celiac disease (CD) is a chronic immune-mediated enteropathy characterized by gluten-induced small intestinal mucosal injury and a broad spectrum of clinical manifestations. Emerging evidence suggests that CD may also be associated with gastric mucosal abnormalities, including Helicobacter pylori-negative chronic gastritis (HPNCG). This study aimed to investigate the clinical, laboratory, and histopathological features of patients with CD complicated by HPNCG and to identify factors associated with this condition. A total of 60 patients with CD were retrospectively enrolled and divided into 2 groups: CD alone (n = 26) and CD with HPNCG (n = 34). Demographic characteristics, gastrointestinal symptoms, comorbidities, laboratory parameters, and histopathological findings were compared between groups. Univariate and multivariate logistic regression analyses were performed to identify factors independently associated with CD complicated by HPNCG. Receiver operating characteristic curve analysis was used to evaluate discriminatory performance. Among the 60 patients, 45.0% were male and 55.0% were female, with a mean age of 41.8 ± 15.2 years. Compared with the CD-alone group, patients with CD and HPNCG had significantly higher prevalence of abdominal bloating (61.8% vs 30.8%, P = .018), anemia (58.8% vs 26.9%, P = .013), osteopenia/osteoporosis (38.2% vs 15.4%, P = .048), and liver function abnormalities (23.5% vs 3.8%, P = .036). Histopathologically, Marsh grade IIIb-IIIc (88.2% vs 61.5%, P = .019) and moderate-to-severe chronic gastric inflammatory infiltration (64.7% vs 34.6%, P = .022) were more frequent in the CD with HPNCG group. Multivariate logistic regression identified Marsh grade IIIb-IIIc as the only factor independently associated with CD complicated by HPNCG (odds ratio = 3.96, 95% confidence interval: , P = .042). Receiver operating characteristic analysis showed that Marsh grade IIIb-IIIc alone yielded an area under the curve of 0.73, while the combined model achieved an area under the curve of 0.81. Patients with CD complicated by HPNCG present with a heavier burden of gastrointestinal symptoms, nutritional impairments, and mucosal injury compared to those with CD alone. Severe duodenal villous atrophy, reflected by Marsh grade IIIb-IIIc, is independently associated with HPNCG in CD and may serve as a clinically useful indicator for identifying this high-risk subgroup.",Gu Nan | Ma Li | Zhang Lei | Jia Fei-Ran | Zhou Xiao-Yun | Wang Yue,2026-May,Medicine,Marsh classification | celiac disease | clinical characteristics | logistic regression | receiver operating characteristic curve | digestive diseases | PubMed,digestive diseases,PubMed,https://pubmed.ncbi.nlm.nih.gov/42216411/,research,2026-06-01 00:07:32.381,"clinical characteristics and associated factors of celiac disease complicated by helicobacter pylori-negative chronic gastritis: a retrospective study. celiac disease (cd) is a chronic immune-mediated enteropathy characterized by gluten-induced small intestinal mucosal injury and a broad spectrum of clinical manifestations. emerging evidence suggests that cd may also be associated with gastric mucosal abnormalities, including helicobacter pylori-negative chronic gastritis (hpncg). this study aimed to investigate the clinical, laboratory, and histopathological features of patients with cd complicated by hpncg and to identify factors associated with this condition. a total of 60 patients with cd were retrospectively enrolled and divided into 2 groups: cd alone (n = 26) and cd with hpncg (n = 34). demographic characteristics, gastrointestinal symptoms, comorbidities, laboratory parameters, and histopathological findings were compared between groups. univariate and multivariate logistic regression analyses were performed to identify factors independently associated with cd complicated by hpncg. receiver operating characteristic curve analysis was used to evaluate discriminatory performance. among the 60 patients, 45.0% were male and 55.0% were female, with a mean age of 41.8 ± 15.2 years. compared with the cd-alone group, patients with cd and hpncg had significantly higher prevalence of abdominal bloating (61.8% vs 30.8%, p = .018), anemia (58.8% vs 26.9%, p = .013), osteopenia/osteoporosis (38.2% vs 15.4%, p = .048), and liver function abnormalities (23.5% vs 3.8%, p = .036). histopathologically, marsh grade iiib-iiic (88.2% vs 61.5%, p = .019) and moderate-to-severe chronic gastric inflammatory infiltration (64.7% vs 34.6%, p = .022) were more frequent in the cd with hpncg group. multivariate logistic regression identified marsh grade iiib-iiic as the only factor independently associated with cd complicated by hpncg (odds ratio = 3.96, 95% confidence interval: , p = .042). receiver operating characteristic analysis showed that marsh grade iiib-iiic alone yielded an area under the curve of 0.73, while the combined model achieved an area under the curve of 0.81. patients with cd complicated by hpncg present with a heavier burden of gastrointestinal symptoms, nutritional impairments, and mucosal injury compared to those with cd alone. severe duodenal villous atrophy, reflected by marsh grade iiib-iiic, is independently associated with hpncg in cd and may serve as a clinically useful indicator for identifying this high-risk subgroup."
Anti-inflammatory drugs slash Alzheimer risk.,Anti-inflammatory drugs slash Alzheimer risk.,"Aschwanden, Christie",2002-12-31,World Health Organization,Research Article | alzheimer | WHO,alzheimer,WHO,https://iris.who.int/handle/10665/268622,treatment,2026-06-01 00:05:22.902,anti-inflammatory drugs slash alzheimer risk. anti-inflammatory drugs slash alzheimer risk.
VIRAL DISEASES SURVEILLANCE = SURVEILLANCE DES MALADIES À VIRUS,VIRAL DISEASES SURVEILLANCE = SURVEILLANCE DES MALADIES À VIRUS,World Health Organization,1977-12-31,WHO,digestive diseases | WHO,digestive diseases,WHO,https://iris.who.int/handle/10665/221397,other,2026-06-01 00:05:48.803,viral diseases surveillance = surveillance des maladies à virus viral diseases surveillance = surveillance des maladies à virus
Impact of COVID-19 pandemic on mental health in the general population: A systematic review.,"Background As a major virus outbreak in the 21st century, the Coronavirus disease 2019 (COVID-19) pandemic has led to unprecedented hazards to mental health globally. While psychological support is being provided to patients and healthcare workers, the general public's mental health requires significant attention as well. This systematic review aims to synthesize extant literature that reports on the effects of COVID-19 on psychological outcomes of the general population and its associated risk factors. Methods A systematic search was conducted on PubMed, Embase, Medline, Web of Science, and Scopus from inception to 17 May 2020 following the PRISMA guidelines. A manual search on Google Scholar was performed to identify additional relevant studies. Articles were selected based on the predetermined eligibility criteria. Results Relatively high rates of symptoms of anxiety (6.33% to 50.9%), depression (14.6% to 48.3%), post-traumatic stress disorder (7% to 53.8%), psychological distress (34.43% to 38%), and stress (8.1% to 81.9%) are reported in the general population during the COVID-19 pandemic in China, Spain, Italy, Iran, the US, Turkey, Nepal, and Denmark. Risk factors associated with distress measures include female gender, younger age group (≤40 years), presence of chronic/psychiatric illnesses, unemployment, student status, and frequent exposure to social media/news concerning COVID-19. Limitations A significant degree of heterogeneity was noted across studies. Conclusions The COVID-19 pandemic is associated with highly significant levels of psychological distress that, in many cases, would meet the threshold for clinical relevance. Mitigating the hazardous effects of COVID-19 on mental health is an international public health priority.",Jiaqi Xiong | Orly Lipsitz | Flora Nasri | Leanna M W Lui | Hartej Gill | Lee Phan | David Chen-Li | Michelle Iacobucci | Roger Ho | Amna Majeed | Roger S McIntyre,2020-08-08,Unknown,Depression | Anxiety | Mental health | General Population | Post-traumatic Stress Disorder (Ptsd) | Covid-19 | respiratory diseases | Europe PMC,respiratory diseases,Europe PMC,https://pubmed.ncbi.nlm.nih.gov/32799105/,prevention,2026-06-01 00:01:19.308,"impact of covid-19 pandemic on mental health in the general population: a systematic review. background as a major virus outbreak in the 21st century, the coronavirus disease 2019 (covid-19) pandemic has led to unprecedented hazards to mental health globally. while psychological support is being provided to patients and healthcare workers, the general public's mental health requires significant attention as well. this systematic review aims to synthesize extant literature that reports on the effects of covid-19 on psychological outcomes of the general population and its associated risk factors. methods a systematic search was conducted on pubmed, embase, medline, web of science, and scopus from inception to 17 may 2020 following the prisma guidelines. a manual search on google scholar was performed to identify additional relevant studies. articles were selected based on the predetermined eligibility criteria. results relatively high rates of symptoms of anxiety (6.33% to 50.9%), depression (14.6% to 48.3%), post-traumatic stress disorder (7% to 53.8%), psychological distress (34.43% to 38%), and stress (8.1% to 81.9%) are reported in the general population during the covid-19 pandemic in china, spain, italy, iran, the us, turkey, nepal, and denmark. risk factors associated with distress measures include female gender, younger age group (≤40 years), presence of chronic/psychiatric illnesses, unemployment, student status, and frequent exposure to social media/news concerning covid-19. limitations a significant degree of heterogeneity was noted across studies. conclusions the covid-19 pandemic is associated with highly significant levels of psychological distress that, in many cases, would meet the threshold for clinical relevance. mitigating the hazardous effects of covid-19 on mental health is an international public health priority."
Machine learning-based MRI radiomics identifies patients with degenerative cervical myelopathy and predicts baseline function.,"The diagnosis of Degenerative cervical myelopathy (DCM) relies on clinical evaluation and conventional MRI, yet early symptoms are subtle and non-specific, creating diagnostic uncertainty. High rates of asymptomatic cervical spinal cord compression in the older adults further complicate clinical decisions regarding surgical intervention. MRI-based radiomic analysis quantifies microstructural spinal cord pathology through texture analysis, and is a potential objective imaging biomarker. This study aimed to assess whether machine learning models using MRI radiomics can accurately classify DCM and predict disease severity. We also aim to evaluate the impact of imaging resolution on diagnostic performance. We included 79 patients with clinically diagnosed DCM undergoing surgical evaluation and 51 healthy controls. Participants underwent high-resolution 3D T2-weighted MRI. Images were processed using automated spinal cord segmentation, and radiomic features were extracted using the Pyradiomics software package and filtered by correlation, variance, ANOVA, and mutual information analyses. Machine learning algorithms (XGBoost, CatBoost, LightGBM, Random Forest, SVM) underwent hyperparameter optimization with Optuna and were evaluated using 5-fold cross-validation. For DCM versus healthy control classification, model performance was additionally assessed in an internal held-out test set; however, external validation in an independent dataset was not performed. Disease severity prediction was evaluated using 5-fold cross-validation only because of the limited sample size. Machine learning using MRI radiomics discriminated DCM from healthy controls with high accuracy in the internal held-out test set (AUROC = 0.93, accuracy = 0.88, F1-score = 0.90, MCC = 0.76, Precision = 93.3%, sensitivity = 87.5%, specificity = 90%). Radiomic features from high-resolution 3D MRI showed superior diagnostic performance compared to standard MRI and conventional morphometry. The models effectively classified disease severity (macro-average AUROC = 0.855 ± 0.062), significantly outperforming traditional imaging measures. MRI-based radiomics combined with machine learning demonstrates robust accuracy in predicting DCM status and estimating disease severity, independent of clinical or demographic data. These findings underscore the potential of MRI radiomics as an objective imaging biomarker to screen for DCM. However, external validation was not performed in this study, and future validation in larger, multi-vendor independent datasets is needed before broader clinical application.",M Arnest Ramesh | M Koch Kevin | D Budde Matthew | Banerjee Anjishnu | Vedantam Aditya,2026-May,"European spine journal : official publication of the European Spine Society, the European Spinal Deformity Society, and the European Section of the Cervical Spine Research Society",Degenerative cervical myelopathy (DCM) | Imaging biomarkers | MRI radiomics | Machine learning | Neurological function | Spinal cord compression | neurological diseases | PubMed,neurological diseases,PubMed,https://pubmed.ncbi.nlm.nih.gov/42217032/,research,2026-06-01 00:07:10.309,"machine learning-based mri radiomics identifies patients with degenerative cervical myelopathy and predicts baseline function. the diagnosis of degenerative cervical myelopathy (dcm) relies on clinical evaluation and conventional mri, yet early symptoms are subtle and non-specific, creating diagnostic uncertainty. high rates of asymptomatic cervical spinal cord compression in the older adults further complicate clinical decisions regarding surgical intervention. mri-based radiomic analysis quantifies microstructural spinal cord pathology through texture analysis, and is a potential objective imaging biomarker. this study aimed to assess whether machine learning models using mri radiomics can accurately classify dcm and predict disease severity. we also aim to evaluate the impact of imaging resolution on diagnostic performance. we included 79 patients with clinically diagnosed dcm undergoing surgical evaluation and 51 healthy controls. participants underwent high-resolution 3d t2-weighted mri. images were processed using automated spinal cord segmentation, and radiomic features were extracted using the pyradiomics software package and filtered by correlation, variance, anova, and mutual information analyses. machine learning algorithms (xgboost, catboost, lightgbm, random forest, svm) underwent hyperparameter optimization with optuna and were evaluated using 5-fold cross-validation. for dcm versus healthy control classification, model performance was additionally assessed in an internal held-out test set; however, external validation in an independent dataset was not performed. disease severity prediction was evaluated using 5-fold cross-validation only because of the limited sample size. machine learning using mri radiomics discriminated dcm from healthy controls with high accuracy in the internal held-out test set (auroc = 0.93, accuracy = 0.88, f1-score = 0.90, mcc = 0.76, precision = 93.3%, sensitivity = 87.5%, specificity = 90%). radiomic features from high-resolution 3d mri showed superior diagnostic performance compared to standard mri and conventional morphometry. the models effectively classified disease severity (macro-average auroc = 0.855 ± 0.062), significantly outperforming traditional imaging measures. mri-based radiomics combined with machine learning demonstrates robust accuracy in predicting dcm status and estimating disease severity, independent of clinical or demographic data. these findings underscore the potential of mri radiomics as an objective imaging biomarker to screen for dcm. however, external validation was not performed in this study, and future validation in larger, multi-vendor independent datasets is needed before broader clinical application."
"Further unraveling the association between HIV, immune suppression, and cancer survival.","Further unraveling the association between HIV, immune suppression, and cancer survival.",Coghill Anna E | Bender Ignacio Rachel,2026-May,Clinical infectious diseases : an official publication of the Infectious Diseases Society of America,infectious diseases | PubMed,infectious diseases,PubMed,https://pubmed.ncbi.nlm.nih.gov/42213891/,other,2026-06-01 00:07:43.306,"further unraveling the association between hiv, immune suppression, and cancer survival. further unraveling the association between hiv, immune suppression, and cancer survival."
[Expert recommendations on the management of adverse reactions in pegylated interferon alpha therapy for chronic hepatitis B].,"To provide a usage reference for clinicians with the increasing use of pegylated interferon alpha (PEG-IFN-ɑ) in treating chronic hepatitis B (CHB), the expert panel retrospectively summarized previous clinical experience and formulated expert recommendations based on the latest research findings and evidence-based medical data of this field, focusing on pre-treatment assessment to better assist clinicians in managing adverse reactions, help patients complete treatment courses, and maximize patient benefits. 随着聚乙二醇干扰素α（PEG-IFN-α）在慢性乙型肝炎治疗中的广泛应用，为了更好地协助临床医生管理PEG-IFN-α治疗中的不良反应，助力患者完成治疗过程，保证患者的获益最大化，聚乙二醇干扰素α治疗慢性乙型肝炎不良反应管理专家组基于领域最新研究成果及循证医学证据，回顾性总结以往专家用药经验，针对治疗前的评估及应用中的临床管理形成了该专家意见，以供临床医师参考。.",Zhonghua gan zang bing za zhi = Zhonghua ganzangbing zazhi = Chinese journal of hepatology,2026-May,Zhonghua gan zang bing za zhi = Zhonghua ganzangbing zazhi = Chinese journal of hepatology,"Humans | Interferon-alpha | Hepatitis B, Chronic | Antiviral Agents | Polyethylene Glycols | Recombinant Proteins | Interferon alpha-2 | digestive diseases | PubMed",digestive diseases,PubMed,https://pubmed.ncbi.nlm.nih.gov/42209159/,treatment,2026-06-01 00:07:33.175,"[expert recommendations on the management of adverse reactions in pegylated interferon alpha therapy for chronic hepatitis b]. to provide a usage reference for clinicians with the increasing use of pegylated interferon alpha (peg-ifn-ɑ) in treating chronic hepatitis b (chb), the expert panel retrospectively summarized previous clinical experience and formulated expert recommendations based on the latest research findings and evidence-based medical data of this field, focusing on pre-treatment assessment to better assist clinicians in managing adverse reactions, help patients complete treatment courses, and maximize patient benefits. 随着聚乙二醇干扰素α（peg-ifn-α）在慢性乙型肝炎治疗中的广泛应用，为了更好地协助临床医生管理peg-ifn-α治疗中的不良反应，助力患者完成治疗过程，保证患者的获益最大化，聚乙二醇干扰素α治疗慢性乙型肝炎不良反应管理专家组基于领域最新研究成果及循证医学证据，回顾性总结以往专家用药经验，针对治疗前的评估及应用中的临床管理形成了该专家意见，以供临床医师参考。."
"Evaluate Efficacy, Safety and Tolerability, PK and PD of Emapalumab in Children and Adults With MAS in Still's or SLE","The purpose of this study is to assess the safety, tolerability and efficacy of emapalumab in children and adults with macrophage activation syndrome (sHLH/MAS) in Still's disease (including systemic juvenile idiopathic arthritis and adult onset Still's disease) or with sHLH/MAS in systemic lupus erythematous, resenting an inadequate response to high dose glucocorticoid treatment.",Swedish Orphan Biovitrum,2021-12-15,Swedish Orphan Biovitrum,Macrophage Activation Syndrome | Secondary Hemophagocytic Lymphohistiocytosis | Still Disease | Systemic Lupus Erythematosus | SJIA | AOSD | MAS | autoimmune diseases | ClinicalTrials,autoimmune diseases,ClinicalTrials,https://clinicaltrials.gov/study/NCT05001737,treatment,2026-05-31 23:58:37.458,"evaluate efficacy, safety and tolerability, pk and pd of emapalumab in children and adults with mas in still's or sle the purpose of this study is to assess the safety, tolerability and efficacy of emapalumab in children and adults with macrophage activation syndrome (shlh/mas) in still's disease (including systemic juvenile idiopathic arthritis and adult onset still's disease) or with shlh/mas in systemic lupus erythematous, resenting an inadequate response to high dose glucocorticoid treatment."
Effect of nutritional intervention on the prevalence of metabolic syndrome and heart disease risk factors in urban Tehran [Tehran Lipid and Glucose Study],"In a case-control study a nutritional intervention consisting of an educational programme based on the Therapeutic Lifestyle Change diet [TLC] guidelines was implemented in one area of Tehran. Data were collected from subjects in the intervention area [n =133] and controls from another area [n =183], before and 3.8 years after the intervention. Mean energy and macronutrient intakes and prevalence of risk factors including metabolic syndrome were compared between and within cases and controls. Baseline and follow-up evaluations showed improvement in hypercholesterolemia and high LDL cholesterol levels in cases versus controls. Central obesity and low HDL cholesterol levels increased significantly in controls but not in cases. As there were no significant differences between the 2 groups in energy and macronutrient intakes, it is difficult to claim that nutritional interventions played an important role","Romezankhani, A. | Mirmiran, P. | Azizi, F.",2011-12-31,WHO,Prevalence | Heart Diseases | Prospective Studies | Questionnaires | Risk Factors | Suburban Population | Case-Control Studies | Diet | heart disease | WHO,heart disease,WHO,https://iris.who.int/handle/10665/118649,prevention,2026-06-01 00:05:28.152,"effect of nutritional intervention on the prevalence of metabolic syndrome and heart disease risk factors in urban tehran [tehran lipid and glucose study] in a case-control study a nutritional intervention consisting of an educational programme based on the therapeutic lifestyle change diet [tlc] guidelines was implemented in one area of tehran. data were collected from subjects in the intervention area [n =133] and controls from another area [n =183], before and 3.8 years after the intervention. mean energy and macronutrient intakes and prevalence of risk factors including metabolic syndrome were compared between and within cases and controls. baseline and follow-up evaluations showed improvement in hypercholesterolemia and high ldl cholesterol levels in cases versus controls. central obesity and low hdl cholesterol levels increased significantly in controls but not in cases. as there were no significant differences between the 2 groups in energy and macronutrient intakes, it is difficult to claim that nutritional interventions played an important role"
"Incidence and evolution of subependymal and intraventricular hemorrhage: a study of infants with birth weights less than 1,500 gm.","We have performed brain scanning by computed tomography on 46 consecutive live-born infants whose birth weights were less than 1,500 gm; 20 of them had evidence of cerebral intraventricular hemorrhage. Nine of the 29 infants who survived had IVH. Four grades of IVH were identified. Grade I and II lesions resolved spontaneously, but there was prominence of the interhemispheric fissue on CT of the infants at six months of age. Hydrocephalus developed in infants with Grade III and IV lesions. Seven of the surviving infants with IVH did not have clinical evidence of hemorrhage. There were no significant differences between the infants with and without IVH in birth weight, gestational age, one- and five-minute Apgar scores, or the need for resuscitation at birth or for subsequent respiratory assistance.",L A Papile | J Burstein | R Burstein | H Koffler,1978-04-01,Unknown,respiratory diseases | Europe PMC,respiratory diseases,Europe PMC,https://pubmed.ncbi.nlm.nih.gov/305471/,other,2026-06-01 00:01:18.840,"incidence and evolution of subependymal and intraventricular hemorrhage: a study of infants with birth weights less than 1,500 gm. we have performed brain scanning by computed tomography on 46 consecutive live-born infants whose birth weights were less than 1,500 gm; 20 of them had evidence of cerebral intraventricular hemorrhage. nine of the 29 infants who survived had ivh. four grades of ivh were identified. grade i and ii lesions resolved spontaneously, but there was prominence of the interhemispheric fissue on ct of the infants at six months of age. hydrocephalus developed in infants with grade iii and iv lesions. seven of the surviving infants with ivh did not have clinical evidence of hemorrhage. there were no significant differences between the infants with and without ivh in birth weight, gestational age, one- and five-minute apgar scores, or the need for resuscitation at birth or for subsequent respiratory assistance."
IVUS Assessment of Atheroma Burden After Acute Coronary Syndrome,"Coronary angioplasty is rather frequently performed in such situations, presumably because, changes in the atherosclerotic plaque under drug treatment, have remained poorly described so far. Intravascular ultrasound (IVUS) enables a precise description of coronary atheroma, better than the one provided by coronary angiography.","University Hospital, Toulouse",2011-03,"University Hospital, Toulouse",Acute Coronary Syndrome | heart disease | ClinicalTrials,heart disease,ClinicalTrials,https://clinicaltrials.gov/study/NCT01578005,treatment,2026-05-31 23:57:35.718,"ivus assessment of atheroma burden after acute coronary syndrome coronary angioplasty is rather frequently performed in such situations, presumably because, changes in the atherosclerotic plaque under drug treatment, have remained poorly described so far. intravascular ultrasound (ivus) enables a precise description of coronary atheroma, better than the one provided by coronary angiography."
Pituitary Tumors,"Your pituitary gland is a pea-sized gland at the base of your brain. The pituitary is the ""master control gland"" - it makes hormones that affect growth and the functions of other glands in the body. Pituitary tumors are common, but often they don't cause health problems. Most people with pituitary tumors never even know they have them. The most common type of pituitary tumor produces hormones and disrupts the balance of hormones in your body. This can cause endocrine diseases such as Cushing's syndrome and hyperthyroidism. Symptoms of pituitary tumors include: Headaches Vision problems Nausea and vomiting Problems caused by the production of too many hormones Pituitary tumors are usually curable. Treatment is often surgery to remove the tumor . Other options include medicines, radiation therapy, and chemotherapy.",MedlinePlus Editorial Team,2026-06-01,MedlinePlus,Pituitary Neoplasms | cancer | MedlinePlus,cancer,MedlinePlus,https://medlineplus.gov/pituitarytumors.html,treatment,2026-06-01 00:03:36.884,"pituitary tumors your pituitary gland is a pea-sized gland at the base of your brain. the pituitary is the ""master control gland"" - it makes hormones that affect growth and the functions of other glands in the body. pituitary tumors are common, but often they don't cause health problems. most people with pituitary tumors never even know they have them. the most common type of pituitary tumor produces hormones and disrupts the balance of hormones in your body. this can cause endocrine diseases such as cushing's syndrome and hyperthyroidism. symptoms of pituitary tumors include: headaches vision problems nausea and vomiting problems caused by the production of too many hormones pituitary tumors are usually curable. treatment is often surgery to remove the tumor . other options include medicines, radiation therapy, and chemotherapy."
Gemcitabine and Imatinib Mesylate as First-Line Therapy in Patients With Locally Adv. or Metastatic Pancreatic Cancer,"RATIONALE: Drugs used in chemotherapy, such as gemcitabine, work in different ways to stop the growth of tumor cells, either by killing the cells or by stopping them from dividing. Imatinib mesylate may stop the growth of tumor cells by blocking some of the enzymes needed for cell growth. Giving gemcitabine together with imatinib mesylate may kill more tumor cells. PURPOSE: This phase II trial is studying how well giving gemcitabine together with imatinib mesylate works as first-line therapy in treating patients with locally advanced or metastatic pancreatic cancer.",University of Medicine and Dentistry of New Jersey,2005-09,University of Medicine and Dentistry of New Jersey,Pancreatic Cancer | cancer | ClinicalTrials,cancer,ClinicalTrials,https://clinicaltrials.gov/study/NCT00161213,treatment,2026-05-31 23:56:55.590,"gemcitabine and imatinib mesylate as first-line therapy in patients with locally adv. or metastatic pancreatic cancer rationale: drugs used in chemotherapy, such as gemcitabine, work in different ways to stop the growth of tumor cells, either by killing the cells or by stopping them from dividing. imatinib mesylate may stop the growth of tumor cells by blocking some of the enzymes needed for cell growth. giving gemcitabine together with imatinib mesylate may kill more tumor cells. purpose: this phase ii trial is studying how well giving gemcitabine together with imatinib mesylate works as first-line therapy in treating patients with locally advanced or metastatic pancreatic cancer."
Multi-spectroscopic and in silico approaches reveal the α-amylase and α-glucosidase inhibitory mechanism of anacardic acids and their effects on advanced glycation end products.,"Anacardic acids (AAs) are a class of alkyl phenols widely distributed in the Anacardiaceae family and known for their diverse biological properties. However, their potential against type 2 diabetes mellitus (T2DM) has never been thoroughly investigated. In this study, a fraction isolated from a Pistacia vera shell extract, enriched in AAs, exhibited potent inhibitory activity against α-amylase (α-Amy) and α-glucosidase (α-Glu). Pure (15:0)-AA and (17:1)-AA also acted as strong inhibitors of both enzymes, displaying IC₅₀ values significantly lower than those of the marketed anti-diabetic drug acarbose. Kinetic and molecular docking analyses identified both AAs as competitive α-Amy and α-Glu inhibitors that interact with the catalytic sites via non-covalent interactions. Fluorescence measurements revealed dynamic quenching upon AA-enzyme binding, while FT-IR and dynamic light scattering analyses demonstrated AA-induced conformational rearrangements and increased size distribution. Beyond their hypoglycaemic potential, (15:0)-AA and (17:1)-AA strongly inhibited the formation of pathogenic advanced glycation end products (AGEs). AAs efficiently reduced fluorescent AGE formation in three distinct glycation models and effectively protected human serum albumin (HSA) from glycation-induced structural alterations, including exposure of hydrophobic domains and amyloid aggregation. Notably, AAs retained substantial antiglycation activity after simulated gastrointestinal digestion. Overall, this work provides the first detailed insights into the hypoglycemic and antiglycation properties of AAs, supporting their potential application as multifunctional natural agents for T2DM management.",Maccarronello Anna Elisabetta | Sciacca Claudia | Cardullo Nunzio | Pulvirenti Luana | Di Francesco Antonella | Muccilli Vera,2026-May,International journal of biological macromolecules,Diabetes | Human serum albumin | Protein glycation | Salicylic acid derivatives | α-Amylase | α-Glucosidase | PubMed,diabetes,PubMed,https://pubmed.ncbi.nlm.nih.gov/42214529/,research,2026-06-01 00:06:48.470,"multi-spectroscopic and in silico approaches reveal the α-amylase and α-glucosidase inhibitory mechanism of anacardic acids and their effects on advanced glycation end products. anacardic acids (aas) are a class of alkyl phenols widely distributed in the anacardiaceae family and known for their diverse biological properties. however, their potential against type 2 diabetes mellitus (t2dm) has never been thoroughly investigated. in this study, a fraction isolated from a pistacia vera shell extract, enriched in aas, exhibited potent inhibitory activity against α-amylase (α-amy) and α-glucosidase (α-glu). pure (15:0)-aa and (17:1)-aa also acted as strong inhibitors of both enzymes, displaying ic₅₀ values significantly lower than those of the marketed anti-diabetic drug acarbose. kinetic and molecular docking analyses identified both aas as competitive α-amy and α-glu inhibitors that interact with the catalytic sites via non-covalent interactions. fluorescence measurements revealed dynamic quenching upon aa-enzyme binding, while ft-ir and dynamic light scattering analyses demonstrated aa-induced conformational rearrangements and increased size distribution. beyond their hypoglycaemic potential, (15:0)-aa and (17:1)-aa strongly inhibited the formation of pathogenic advanced glycation end products (ages). aas efficiently reduced fluorescent age formation in three distinct glycation models and effectively protected human serum albumin (hsa) from glycation-induced structural alterations, including exposure of hydrophobic domains and amyloid aggregation. notably, aas retained substantial antiglycation activity after simulated gastrointestinal digestion. overall, this work provides the first detailed insights into the hypoglycemic and antiglycation properties of aas, supporting their potential application as multifunctional natural agents for t2dm management."
Effect of Panax Ginseng on the Cognitive Performance in Alzheimer's Disease,We investigate the clinical efficacy of Panax ginseng in Alzheimer's disease (AD).,Seoul National University Hospital,2004-04,Seoul National University Hospital,Alzheimer's Disease | Memory Decline | alzheimer | ClinicalTrials,alzheimer,ClinicalTrials,https://clinicaltrials.gov/study/NCT00391833,treatment,2026-05-31 23:57:22.811,effect of panax ginseng on the cognitive performance in alzheimer's disease we investigate the clinical efficacy of panax ginseng in alzheimer's disease (ad).
A Prodrug Approach for Activity-Based Chemical Modulation toward Multiple Pathological Targets in Alzheimer's Disease.,"Targeting disease-specific chemical signals enables precise therapeutic control over complex pathologies. In Alzheimer's disease (AD), elevated hydrogen peroxide (H",Lee Jimin | Hong Eunseo | Na Chanju | Li Yan | Go Jun | Kim Ju-Eun | Seo Hyun-Hee | Suh Jong-Min | Kwak Jimin | Lee Young-Ho | Kim Kyoung-Shim | Lee Chul-Ho | Kim Mingeun | Lim Mi Hee,2026-May,"Small (Weinheim an der Bergstrasse, Germany)",Alzheimer's disease | chemical modulators | metal‐free and metal‐bound amyloid‐β peptides | prodrugs | reactive oxygen species | alzheimer | PubMed,alzheimer,PubMed,https://pubmed.ncbi.nlm.nih.gov/42218630/,treatment,2026-06-01 00:06:55.009,"a prodrug approach for activity-based chemical modulation toward multiple pathological targets in alzheimer's disease. targeting disease-specific chemical signals enables precise therapeutic control over complex pathologies. in alzheimer's disease (ad), elevated hydrogen peroxide (h"
Accounting for inequality in dementia prevention programmes,"Growing evidence indicates that dementia risk is strongly shaped by social and structural determinants, yet prevention strategies have largely focused on individual behaviours, raising concerns about their effectiveness and equity. This perspective article examines the role of social and health inequalities in dementia prevention and argues for a shift towards multilevel, population-based approaches that address underlying structural factors, highlighting the paradox whereby behaviour-focused interventions may inadvertently widen health inequalities. The analysis describes how socioeconomic conditions, education, environmental exposures and life-course disadvantages contribute to dementia risk through the accumulation of risk across the life course, often limiting the capacity of disadvantaged populations to benefit from behaviour-focused interventions. It reviews evidence showing that structural factors such as income inequality, air pollution and early-life poverty influence brain health and ageing trajectories, and highlights the potential of population-level interventions to reduce both risk and health-care costs. The article outlines policy and research priorities, including integrating structural interventions into existing prevention frameworks, strengthening evidence in low- and middle-income countries and promoting multisectoral actions that improve physical, social and economic environments. Intended for policy-makers, researchers and public health stakeholders, it emphasizes a rights-based, equity-oriented approach to dementia prevention to achieve more effective and inclusive health outcomes across populations.","Daly, Timothy | Slachevsky, Andrea | Trépel, Dominic | Walsh, Sebastian | Ibáñez, Agustín",2026-02-01,World Health Organization,Perspectives | alzheimer | WHO,alzheimer,WHO,https://iris.who.int/handle/10665/384827,prevention,2026-06-01 00:05:22.948,"accounting for inequality in dementia prevention programmes growing evidence indicates that dementia risk is strongly shaped by social and structural determinants, yet prevention strategies have largely focused on individual behaviours, raising concerns about their effectiveness and equity. this perspective article examines the role of social and health inequalities in dementia prevention and argues for a shift towards multilevel, population-based approaches that address underlying structural factors, highlighting the paradox whereby behaviour-focused interventions may inadvertently widen health inequalities. the analysis describes how socioeconomic conditions, education, environmental exposures and life-course disadvantages contribute to dementia risk through the accumulation of risk across the life course, often limiting the capacity of disadvantaged populations to benefit from behaviour-focused interventions. it reviews evidence showing that structural factors such as income inequality, air pollution and early-life poverty influence brain health and ageing trajectories, and highlights the potential of population-level interventions to reduce both risk and health-care costs. the article outlines policy and research priorities, including integrating structural interventions into existing prevention frameworks, strengthening evidence in low- and middle-income countries and promoting multisectoral actions that improve physical, social and economic environments. intended for policy-makers, researchers and public health stakeholders, it emphasizes a rights-based, equity-oriented approach to dementia prevention to achieve more effective and inclusive health outcomes across populations."
Study Evaluating Effects of SAM-531 on Sleep Electroencephalogram (EEG) and Quantitative Wake EEG in Healthy Subjects,Primary: To evaluate the pharmacologic effect of single doses of SAM-531 on sleep EEG in healthy subjects.,Wyeth is now a wholly owned subsidiary of Pfizer,2007-10,Wyeth is now a wholly owned subsidiary of Pfizer,Healthy | Adult | alzheimer | ClinicalTrials,alzheimer,ClinicalTrials,https://clinicaltrials.gov/study/NCT00519298,treatment,2026-05-31 23:57:24.682,study evaluating effects of sam-531 on sleep electroencephalogram (eeg) and quantitative wake eeg in healthy subjects primary: to evaluate the pharmacologic effect of single doses of sam-531 on sleep eeg in healthy subjects.
"Dementia prevention, intervention, and care.","Dementia prevention, intervention, and care.",Gill Livingston | Andrew Sommerlad | Vasiliki Orgeta | Sergi G Costafreda | Jonathan Huntley | David Ames | Clive Ballard | Sube Banerjee | Alistair Burns | Jiska Cohen-Mansfield | Claudia Cooper | Nick Fox | Laura N Gitlin | Robert Howard | Helen C Kales | Eric B Larson | Karen Ritchie | Kenneth Rockwood | Elizabeth L Sampson | Quincy Samus | Lon S Schneider | Geir Selbæk | Linda Teri | Naaheed Mukadam,2017-07-20,Unknown,alzheimer | Europe PMC,alzheimer,Europe PMC,https://pubmed.ncbi.nlm.nih.gov/28735855/,prevention,2026-06-01 00:00:31.167,"dementia prevention, intervention, and care. dementia prevention, intervention, and care."
Mesothelioma,"The tissue that lines your lungs, stomach, heart, and other organs is called mesothelium. Mesothelioma , also known as malignant mesothelioma, is cancer of that tissue. It usually starts in the lungs, but can also start in the abdomen or other organs. Malignant mesothelioma is rare but serious. Most people who get it have worked or lived in places where they inhaled or swallowed asbestos particles. After being exposed to asbestos, it usually takes a long time for the disease to form. Symptoms include: Trouble breathing Cough Pain under the rib cage Pain, swelling, or lumps in the abdomen Weight loss for no known reason Blood clots Constipation Fatigue Sometimes it is hard to tell the difference between malignant mesothelioma and lung cancer . To find out if you have mesothelioma , your health care provider will likely use a physical exam, imaging tests, and a biopsy. Malignant mesothelioma is often found when it is advanced. This makes it harder to treat. Treatment options may include: Surgery Radiation therapy Chemotherapy Immunotherapy Targeted therapy, which uses drugs or other substances that attack specific cancer cells with less harm to normal cells NIH: National Cancer Institute",MedlinePlus Editorial Team,2026-06-01,MedlinePlus,Mesothelioma | cancer | MedlinePlus,cancer,MedlinePlus,https://medlineplus.gov/mesothelioma.html,treatment,2026-06-01 00:03:36.782,"mesothelioma the tissue that lines your lungs, stomach, heart, and other organs is called mesothelium. mesothelioma , also known as malignant mesothelioma, is cancer of that tissue. it usually starts in the lungs, but can also start in the abdomen or other organs. malignant mesothelioma is rare but serious. most people who get it have worked or lived in places where they inhaled or swallowed asbestos particles. after being exposed to asbestos, it usually takes a long time for the disease to form. symptoms include: trouble breathing cough pain under the rib cage pain, swelling, or lumps in the abdomen weight loss for no known reason blood clots constipation fatigue sometimes it is hard to tell the difference between malignant mesothelioma and lung cancer . to find out if you have mesothelioma , your health care provider will likely use a physical exam, imaging tests, and a biopsy. malignant mesothelioma is often found when it is advanced. this makes it harder to treat. treatment options may include: surgery radiation therapy chemotherapy immunotherapy targeted therapy, which uses drugs or other substances that attack specific cancer cells with less harm to normal cells nih: national cancer institute"
"Early Versus Delayed Treatment with Ocrelizumab: A Multicenter, Real-World Observational Study in People with Multiple Sclerosis.","Growing evidence suggests that first-line (1L) treatment with high-efficacy disease-modifying therapies (HE-DMTs) may have greater clinical benefit in multiple sclerosis (MS) than delaying HE-DMTs to second- or subsequent-line (2L+) therapy. However, MS treatment is often initiated using an escalation approach, involving initial treatment with low- to moderate-efficacy DMTs followed by escalation to HE-DMTs in the presence of new disease activity or disability worsening. Ocrelizumab is a HE-DMT approved for the treatment of relapsing and primary progressive MS, but real-world outcomes of ocrelizumab as a 1L vs 2L+ therapy are not well characterized. Real-world data from people with MS (pwMS) receiving treatment at four centers in the USA were analyzed. The effectiveness of ocrelizumab when administered as 1L or 2L+ treatment was compared for up to 60 months in follow-up. The primary outcome was time to confirmed disability worsening (based on Patient-Determined Disease Steps [PDDS]). Secondary outcomes were time to requiring a walking aid (PDDS ≥ 4), annualized patient-reported relapse rate, and magnetic resonance imaging measures (e.g., brain volume and number and volume of new T2 lesions). A total of 403 pwMS (1L n = 309, 2L+ n = 94) were identified. Overall, pwMS who received 1L ocrelizumab experienced less confirmed disease worsening (25.8% vs 42.6%; P = 0.03) and requirement for a walking aid (6.5% vs 27.4%; P < 0.01) compared with the 2L+ cohort. The 1L group also had a significantly lower change in T2 lesion volume (mean difference - 0.797 mL; P < 0.05) and a lower risk of developing new T2 lesions than the 2L+ group (incidence rate ratio 0.88 [95% CI ]; P = 0.04). Relapse rate and brain volume outcomes were not significantly different between groups. This study contributes to the growing pool of evidence that 1L treatment with HE-DMTs such as ocrelizumab can improve clinical outcomes for pwMS compared with delaying HE-DMT to 2L+ .",Alvarez Enrique | Naismith Robert T | Hua Le H | Pineda Elmor D | Romdhani Hela | Guérin Annie | Lévesque-Leroux Mohira | Marathe Gayatri | Nakamura Kunio | Ontaneda Daniel,2026-May,Neurology and therapy,Multiple sclerosis | Observational study | Ocrelizumab | Treatment delay | neurological diseases | PubMed,neurological diseases,PubMed,https://pubmed.ncbi.nlm.nih.gov/42217095/,treatment,2026-06-01 00:07:10.299,"early versus delayed treatment with ocrelizumab: a multicenter, real-world observational study in people with multiple sclerosis. growing evidence suggests that first-line (1l) treatment with high-efficacy disease-modifying therapies (he-dmts) may have greater clinical benefit in multiple sclerosis (ms) than delaying he-dmts to second- or subsequent-line (2l+) therapy. however, ms treatment is often initiated using an escalation approach, involving initial treatment with low- to moderate-efficacy dmts followed by escalation to he-dmts in the presence of new disease activity or disability worsening. ocrelizumab is a he-dmt approved for the treatment of relapsing and primary progressive ms, but real-world outcomes of ocrelizumab as a 1l vs 2l+ therapy are not well characterized. real-world data from people with ms (pwms) receiving treatment at four centers in the usa were analyzed. the effectiveness of ocrelizumab when administered as 1l or 2l+ treatment was compared for up to 60 months in follow-up. the primary outcome was time to confirmed disability worsening (based on patient-determined disease steps [pdds]). secondary outcomes were time to requiring a walking aid (pdds ≥ 4), annualized patient-reported relapse rate, and magnetic resonance imaging measures (e.g., brain volume and number and volume of new t2 lesions). a total of 403 pwms (1l n = 309, 2l+ n = 94) were identified. overall, pwms who received 1l ocrelizumab experienced less confirmed disease worsening (25.8% vs 42.6%; p = 0.03) and requirement for a walking aid (6.5% vs 27.4%; p < 0.01) compared with the 2l+ cohort. the 1l group also had a significantly lower change in t2 lesion volume (mean difference - 0.797 ml; p < 0.05) and a lower risk of developing new t2 lesions than the 2l+ group (incidence rate ratio 0.88 [95% ci ]; p = 0.04). relapse rate and brain volume outcomes were not significantly different between groups. this study contributes to the growing pool of evidence that 1l treatment with he-dmts such as ocrelizumab can improve clinical outcomes for pwms compared with delaying he-dmt to 2l+ ."
Bone Marrow-Derived Mesenchymal Stem Cells (BM-MSCs) and Small Intestinal Submucosa (SIS) Hydrogel Composite Can Meliorate TNBS-Induced Experimental Colitis Through Regulating Inhibiting Macrophage Polarization Toward the M1 Phenotype.,"An imbalance of macrophage polarization exerts influence over inflammatory bowel disease (IBD) pathogenesis. To investigate how macrophage polarization influences IBD, we engineered a composite system consisting of small intestinal submucosa (SIS) hydrogel combined with bone marrow-derived mesenchymal stem cells (BM-MSCs). The therapeutic potential of this construct was assessed by examining its regulatory effects on macrophage polarization both in a 2,4,6-trinitrobenzene sulfonic acid (TNBS)-induced colitis mouse model and in RAW264.7 macrophages in vitro. Clone formation assay was executed to identify the influence of MSC-SIS-conditioned medium on the proliferation of RAW264.7. CD206 and CD86 were measured by flow cytometric. Quantitative real-time PCR (qRT-PCR) was conducted to evaluate cytokine gene expression. Experimental colitis was induced in mice using TNBS. Disease severity was assessed by calculating the clinical disease activity index (CDAI). Colonic tissues were subjected to histological and morphometric analyses, and serum levels of inflammatory cytokines were quantified using enzyme-linked immunosorbent assay (ELISA). Data indicated that the BM-MSCs and SIS hydrogel composite significantly promoted Raw264.7 proliferation. Compared with the lipopolysaccharide (LPS) + MSCs group, treatment with the combined MSCs and SIS hydrogel construct demonstrated a more pronounced inhibitory effect on M1 phenotype the autophagy of LPS-induced RAW264.7 in vitro; what is more, BM-MSCs and SIS hydrogel greatly inhibited cytokine mRNA levels in LPS-stimulated Raw264.7 cells compared with treatment with MSCs solely. In addition, the results implied that the mice in TNBS + MSC + SIS group had alleviated colitis compared with the TNBS + MSCs group, and the interleukin (IL)-1β and tumor necrosis factor-α (TNF-α) levels in the serum also decreased. In conclusion, these results indicate a better wound healing effect of SIS hydrogel on BM-MSCs through promoting cell regeneration and inhibiting macrophage polarization towards the M1 phenotype in a TNBS-induced experimental mouse model.",Sun Zikai | Zhou Yan | Geng Xiang | Gong Yu | Li Fengdong | Zhuang Shaohua | Cao Xiang | Huang Jin | Fu Jinjin,2026-,Mediators of inflammation,bone marrow mesenchymal stem cells (BM-MSCs) | experimental colitis | macrophage polarization | small intestinal submucosa (SIS) | digestive diseases | PubMed,digestive diseases,PubMed,https://pubmed.ncbi.nlm.nih.gov/42218603/,research,2026-06-01 00:07:32.185,"bone marrow-derived mesenchymal stem cells (bm-mscs) and small intestinal submucosa (sis) hydrogel composite can meliorate tnbs-induced experimental colitis through regulating inhibiting macrophage polarization toward the m1 phenotype. an imbalance of macrophage polarization exerts influence over inflammatory bowel disease (ibd) pathogenesis. to investigate how macrophage polarization influences ibd, we engineered a composite system consisting of small intestinal submucosa (sis) hydrogel combined with bone marrow-derived mesenchymal stem cells (bm-mscs). the therapeutic potential of this construct was assessed by examining its regulatory effects on macrophage polarization both in a 2,4,6-trinitrobenzene sulfonic acid (tnbs)-induced colitis mouse model and in raw264.7 macrophages in vitro. clone formation assay was executed to identify the influence of msc-sis-conditioned medium on the proliferation of raw264.7. cd206 and cd86 were measured by flow cytometric. quantitative real-time pcr (qrt-pcr) was conducted to evaluate cytokine gene expression. experimental colitis was induced in mice using tnbs. disease severity was assessed by calculating the clinical disease activity index (cdai). colonic tissues were subjected to histological and morphometric analyses, and serum levels of inflammatory cytokines were quantified using enzyme-linked immunosorbent assay (elisa). data indicated that the bm-mscs and sis hydrogel composite significantly promoted raw264.7 proliferation. compared with the lipopolysaccharide (lps) + mscs group, treatment with the combined mscs and sis hydrogel construct demonstrated a more pronounced inhibitory effect on m1 phenotype the autophagy of lps-induced raw264.7 in vitro; what is more, bm-mscs and sis hydrogel greatly inhibited cytokine mrna levels in lps-stimulated raw264.7 cells compared with treatment with mscs solely. in addition, the results implied that the mice in tnbs + msc + sis group had alleviated colitis compared with the tnbs + mscs group, and the interleukin (il)-1β and tumor necrosis factor-α (tnf-α) levels in the serum also decreased. in conclusion, these results indicate a better wound healing effect of sis hydrogel on bm-mscs through promoting cell regeneration and inhibiting macrophage polarization towards the m1 phenotype in a tnbs-induced experimental mouse model."
Exercise in Older Adults at Risk for Type 2 Diabetes,"Older adults with type 2 diabetes experience neurocognitive decline and are at higher risk for developing dementia. Consequently, older adults at-risk for developing type 2 diabetes (i.e., those who are overweight and/or prediabetic) are at higher risk for neurocognitive decline, and intervening at this point may prevent or delay the onset of such decline. One promising lifestyle intervention that has been shown to improve cognitive function and brain health in other populations is resistance exercise. We previously conducted a 6-month resistance training randomized controlled trial (RCT) pilot study that showed a large scale trial would be viable and feasible. Consequently, we would like to explore resistance exercise as a lifestyle intervention to improve cognition and brain structure in older adults at risk for diabetes.","Western University, Canada",2022-09-23,"Western University, Canada",Cognitive Change | diabetes | ClinicalTrials,diabetes,ClinicalTrials,https://clinicaltrials.gov/study/NCT05229705,prevention,2026-05-31 23:57:13.083,"exercise in older adults at risk for type 2 diabetes older adults with type 2 diabetes experience neurocognitive decline and are at higher risk for developing dementia. consequently, older adults at-risk for developing type 2 diabetes (i.e., those who are overweight and/or prediabetic) are at higher risk for neurocognitive decline, and intervening at this point may prevent or delay the onset of such decline. one promising lifestyle intervention that has been shown to improve cognitive function and brain health in other populations is resistance exercise. we previously conducted a 6-month resistance training randomized controlled trial (rct) pilot study that showed a large scale trial would be viable and feasible. consequently, we would like to explore resistance exercise as a lifestyle intervention to improve cognition and brain structure in older adults at risk for diabetes."
"Radiomics: Images Are More than Pictures, They Are Data.","In the past decade, the field of medical image analysis has grown exponentially, with an increased number of pattern recognition tools and an increase in data set sizes. These advances have facilitated the development of processes for high-throughput extraction of quantitative features that result in the conversion of images into mineable data and the subsequent analysis of these data for decision support; this practice is termed radiomics. This is in contrast to the traditional practice of treating medical images as pictures intended solely for visual interpretation. Radiomic data contain first-, second-, and higher-order statistics. These data are combined with other patient data and are mined with sophisticated bioinformatics tools to develop models that may potentially improve diagnostic, prognostic, and predictive accuracy. Because radiomics analyses are intended to be conducted with standard of care images, it is conceivable that conversion of digital images to mineable data will eventually become routine practice. This report describes the process of radiomics, its challenges, and its potential power to facilitate better clinical decision making, particularly in the care of patients with cancer.",Robert J Gillies | Paul E Kinahan | Hedvig Hricak,2015-11-18,Unknown,heart disease | Europe PMC,heart disease,Europe PMC,https://pubmed.ncbi.nlm.nih.gov/26579733/,research,2026-06-01 00:00:47.377,"radiomics: images are more than pictures, they are data. in the past decade, the field of medical image analysis has grown exponentially, with an increased number of pattern recognition tools and an increase in data set sizes. these advances have facilitated the development of processes for high-throughput extraction of quantitative features that result in the conversion of images into mineable data and the subsequent analysis of these data for decision support; this practice is termed radiomics. this is in contrast to the traditional practice of treating medical images as pictures intended solely for visual interpretation. radiomic data contain first-, second-, and higher-order statistics. these data are combined with other patient data and are mined with sophisticated bioinformatics tools to develop models that may potentially improve diagnostic, prognostic, and predictive accuracy. because radiomics analyses are intended to be conducted with standard of care images, it is conceivable that conversion of digital images to mineable data will eventually become routine practice. this report describes the process of radiomics, its challenges, and its potential power to facilitate better clinical decision making, particularly in the care of patients with cancer."
"Solar ultraviolet radiation : global burden of disease from solar ultraviolet radiation / Robyn Lucas ... [et al.] ; editors, Annette Prüss-Üstün ... [et al.]","viii, 250 p.","Lucas, Robyn | McMichael, Tony | Smith, Wayne | Armstrong, Bruce K | Prüss-Üstün, Annette | World Health Organization",2006-12-31,World Health Organization,autoimmune diseases | WHO,autoimmune diseases,WHO,https://iris.who.int/handle/10665/43505,other,2026-06-01 00:05:58.721,"solar ultraviolet radiation : global burden of disease from solar ultraviolet radiation / robyn lucas ... [et al.] ; editors, annette prüss-üstün ... [et al.] viii, 250 p."
Erectile Dysfunction,"Erectile dysfunction (ED) is a common type of male sexual dysfunction. It is when a man has trouble getting or keeping an erection. ED becomes more common as you get older. But it's not a natural part of aging. Some people have trouble speaking with their doctors about sex. But if you have ED, you should tell your doctor. ED can be a sign of health problems. It may mean your blood vessels are clogged. It may mean you have nerve damage from diabetes . If you don't see your doctor, these problems will go untreated. Your doctor can offer several new treatments for ED. For many men, the answer is as simple as taking a pill. Getting more exercise, losing weight, or stopping smoking may also help. NIH: National Institute of Diabetes and Digestive and Kidney Diseases",MedlinePlus Editorial Team,2026-06-01,MedlinePlus,Erectile Dysfunction | diabetes | MedlinePlus,diabetes,MedlinePlus,https://medlineplus.gov/erectiledysfunction.html,treatment,2026-06-01 00:03:42.236,"erectile dysfunction erectile dysfunction (ed) is a common type of male sexual dysfunction. it is when a man has trouble getting or keeping an erection. ed becomes more common as you get older. but it's not a natural part of aging. some people have trouble speaking with their doctors about sex. but if you have ed, you should tell your doctor. ed can be a sign of health problems. it may mean your blood vessels are clogged. it may mean you have nerve damage from diabetes . if you don't see your doctor, these problems will go untreated. your doctor can offer several new treatments for ed. for many men, the answer is as simple as taking a pill. getting more exercise, losing weight, or stopping smoking may also help. nih: national institute of diabetes and digestive and kidney diseases"
Regulation of exosomal miR-513a and miR-149 expression by APE1 in PD-L1 and TCR immune regulation pathways to promote immune evasion in osteosarcoma.,"Osteosarcoma is a highly malignant bone tumor with a complex immune evasion mechanism involving various molecules and signaling pathways. This study aims to clarify how APE1 regulates the expression of miR-513a and miR-149 and to explore its role in osteosarcoma immune evasion. The results indicate that APE1 levels are inversely related to those of miR-513a and miR-149. Exosomal miR-513a and miR-149 significantly impair T-cell function by decreasing TNFα secretion. APE1 contributes to osteosarcoma's immune evasion by modulating exosomal miR-513a and miR-149, influencing the PD-L1 and TCR pathways, thus presenting a potential molecular target for therapy.",Luo Hao | Jian Dan | Zhong Li | Lu Xianfeng | Yang Fan | Liu Chengxiang | Dai Xiaoyan | Peng Yang | Tong Xueling | Feng Yan | Li Mengxia | Dai Nan,2026-May,Cancer genetics,APE1 | Exosomes | Immune evasion | Osteosarcoma | miRNAs | cancer | PubMed,cancer,PubMed,https://pubmed.ncbi.nlm.nih.gov/42217848/,research,2026-06-01 00:06:32.077,"regulation of exosomal mir-513a and mir-149 expression by ape1 in pd-l1 and tcr immune regulation pathways to promote immune evasion in osteosarcoma. osteosarcoma is a highly malignant bone tumor with a complex immune evasion mechanism involving various molecules and signaling pathways. this study aims to clarify how ape1 regulates the expression of mir-513a and mir-149 and to explore its role in osteosarcoma immune evasion. the results indicate that ape1 levels are inversely related to those of mir-513a and mir-149. exosomal mir-513a and mir-149 significantly impair t-cell function by decreasing tnfα secretion. ape1 contributes to osteosarcoma's immune evasion by modulating exosomal mir-513a and mir-149, influencing the pd-l1 and tcr pathways, thus presenting a potential molecular target for therapy."
Prediabetes,"What is prediabetes? Prediabetes means that your blood glucose, or blood sugar, levels are higher than normal but not high enough to be called diabetes . Glucose comes from the foods you eat. Too much glucose in your blood can damage your body over time. If you have prediabetes, you are more likely to develop type 2 diabetes , heart disease, and stroke. But if you make some lifestyle changes now, you may be able to delay or prevent type 2 diabetes . What causes prediabetes? Prediabetes usually happens when your body has a problem with insulin. Insulin is a hormone that helps the glucose get into your cells to give them energy. A problem with insulin could be: Insulin resistance, a condition in which the body can't use its insulin properly. It makes it hard for your cells to get glucose from your blood. This can cause your blood sugar levels to rise. Your body can't make enough insulin to keep your blood sugar levels at a healthy level Researchers think that being overweight and not getting regular physical activity are major factors in causing prediabetes. Who is at risk for prediabetes? About 1 out of every 3 adults has prediabetes. It is more common in people who: Are overweight or have obesity Are age 45 or older Have a parent, brother, or sister with diabetes Are African American, Alaska Native, American Indian, Asian American, Hispanic/Latino, Native Hawaiian, or Pacific Islander American Are not physically active Have health conditions such as high blood pressure and high cholesterol Have had gestational diabetes (diabetes in pregnancy) Have a history of heart disease or stroke Have metabolic syndrome Have polycystic ovary syndrome (PCOS) What are the symptoms of prediabetes? Most people don't know they have prediabetes because usually there are no symptoms. Some people with prediabetes may have darkened skin in the armpit or on the back and sides of the neck. They may also have many small skin growths in those same areas. How is prediabetes diagnosed? There are a few different blood tests that can diagnose prediabetes. The most common ones are: Fasting plasma glucose (FPG) test, which measures your blood sugar at a single point in time. You need to fast (not eat or drink) for at least 8 hours before the test. The results of the test are given in mg/dL (milligrams per deciliter): A normal level is 99 or below Prediabetes is 100 to 125 Type 2 diabetes is 126 and above A1C test, which measures your average blood sugar over the past 3 months. The results of an A1C test are given as a percentage. The higher the percentage, the higher your blood sugar levels have been. A normal level is below 5.7% Prediabetes is between 5.7 to 6.4% Type 2 diabetes is above 6.5% If I have prediabetes, will I get diabetes ? If you have prediabetes, you may be able to delay or prevent type 2 diabetes through lifestyle changes: Losing weight, if you are overweight Getting regular physical activity Following a healthy, reduced-calorie eating pla",MedlinePlus Editorial Team,2026-06-01,MedlinePlus,Prediabetic State | diabetes | MedlinePlus,diabetes,MedlinePlus,https://medlineplus.gov/prediabetes.html,other,2026-06-01 00:03:42.197,"prediabetes what is prediabetes? prediabetes means that your blood glucose, or blood sugar, levels are higher than normal but not high enough to be called diabetes . glucose comes from the foods you eat. too much glucose in your blood can damage your body over time. if you have prediabetes, you are more likely to develop type 2 diabetes , heart disease, and stroke. but if you make some lifestyle changes now, you may be able to delay or prevent type 2 diabetes . what causes prediabetes? prediabetes usually happens when your body has a problem with insulin. insulin is a hormone that helps the glucose get into your cells to give them energy. a problem with insulin could be: insulin resistance, a condition in which the body can't use its insulin properly. it makes it hard for your cells to get glucose from your blood. this can cause your blood sugar levels to rise. your body can't make enough insulin to keep your blood sugar levels at a healthy level researchers think that being overweight and not getting regular physical activity are major factors in causing prediabetes. who is at risk for prediabetes? about 1 out of every 3 adults has prediabetes. it is more common in people who: are overweight or have obesity are age 45 or older have a parent, brother, or sister with diabetes are african american, alaska native, american indian, asian american, hispanic/latino, native hawaiian, or pacific islander american are not physically active have health conditions such as high blood pressure and high cholesterol have had gestational diabetes (diabetes in pregnancy) have a history of heart disease or stroke have metabolic syndrome have polycystic ovary syndrome (pcos) what are the symptoms of prediabetes? most people don't know they have prediabetes because usually there are no symptoms. some people with prediabetes may have darkened skin in the armpit or on the back and sides of the neck. they may also have many small skin growths in those same areas. how is prediabetes diagnosed? there are a few different blood tests that can diagnose prediabetes. the most common ones are: fasting plasma glucose (fpg) test, which measures your blood sugar at a single point in time. you need to fast (not eat or drink) for at least 8 hours before the test. the results of the test are given in mg/dl (milligrams per deciliter): a normal level is 99 or below prediabetes is 100 to 125 type 2 diabetes is 126 and above a1c test, which measures your average blood sugar over the past 3 months. the results of an a1c test are given as a percentage. the higher the percentage, the higher your blood sugar levels have been. a normal level is below 5.7% prediabetes is between 5.7 to 6.4% type 2 diabetes is above 6.5% if i have prediabetes, will i get diabetes ? if you have prediabetes, you may be able to delay or prevent type 2 diabetes through lifestyle changes: losing weight, if you are overweight getting regular physical activity following a healthy, reduced-calorie eating pla"
Effect of integrated nursing on serum inflammatory factors and oxygenation indices in children with severe respiratory failure: A prospective quasi-experimental controlled study.,"This study aimed to evaluate the effects of an integrated nursing model on systemic inflammation, oxygenation, and clinical outcomes in children with severe respiratory failure. Children with severe respiratory failure requiring invasive mechanical ventilation for ≥72 hours were consecutively enrolled. Participants were allocated according to admission period into a routine nursing group (2023) and an integrated nursing group ( ). The integrated nursing model involved multidisciplinary assessment, coordinated care planning, and continuous nursing evaluation. Primary outcomes included changes in inflammatory markers (interleukin-6, tumor necrosis factor alpha, and C-reactive protein), while secondary outcomes included oxygenation indices (PaO2/FiO2), duration of mechanical ventilation, pediatric intensive care unit length of stay, and complications. Data were analyzed using independent-sample tests, chi-square tests, and linear mixed-effects models. Compared with routine nursing, integrated nursing was associated with greater reductions in interleukin-6, tumor necrosis factor alpha, and C-reactive protein over time and faster improvements in oxygenation indices. The integrated care group also had shorter mechanical ventilation duration and pediatric intensive care unit length of stay, and a lower incidence of ventilator-associated pneumonia. Integrated nursing may improve inflammatory control, oxygenation, and clinical outcomes in critically ill children with severe respiratory failure. Further multicenter randomized studies are warranted.",Zhang Huifen | Ma Yanhe | Hu Lihong | Wang Yuxiang | Zhang Na | Xu Meixian,2026-May,Medicine,inflammation | intensive care nursing | mechanical ventilation | oxygenation | pediatric respiratory failure | respiratory diseases | PubMed,respiratory diseases,PubMed,https://pubmed.ncbi.nlm.nih.gov/42216363/,other,2026-06-01 00:07:16.718,"effect of integrated nursing on serum inflammatory factors and oxygenation indices in children with severe respiratory failure: a prospective quasi-experimental controlled study. this study aimed to evaluate the effects of an integrated nursing model on systemic inflammation, oxygenation, and clinical outcomes in children with severe respiratory failure. children with severe respiratory failure requiring invasive mechanical ventilation for ≥72 hours were consecutively enrolled. participants were allocated according to admission period into a routine nursing group (2023) and an integrated nursing group ( ). the integrated nursing model involved multidisciplinary assessment, coordinated care planning, and continuous nursing evaluation. primary outcomes included changes in inflammatory markers (interleukin-6, tumor necrosis factor alpha, and c-reactive protein), while secondary outcomes included oxygenation indices (pao2/fio2), duration of mechanical ventilation, pediatric intensive care unit length of stay, and complications. data were analyzed using independent-sample tests, chi-square tests, and linear mixed-effects models. compared with routine nursing, integrated nursing was associated with greater reductions in interleukin-6, tumor necrosis factor alpha, and c-reactive protein over time and faster improvements in oxygenation indices. the integrated care group also had shorter mechanical ventilation duration and pediatric intensive care unit length of stay, and a lower incidence of ventilator-associated pneumonia. integrated nursing may improve inflammatory control, oxygenation, and clinical outcomes in critically ill children with severe respiratory failure. further multicenter randomized studies are warranted."
Gefitinib approved for lung cancer,Gefitinib approved for lung cancer,WHO,2003-12-31,WHO,cancer | WHO,cancer,WHO,https://iris.who.int/handle/10665/72128,other,2026-06-01 00:05:12.074,gefitinib approved for lung cancer gefitinib approved for lung cancer
Weight Training With VR in Out-Patients With Acute Exacerbation of Chronic Obstructive Pulmonary Disease,"Using weight training with virtual reality can help after discharge patients of acute exacerbation of chronic obstructive pulmonary disease, which maintained their quality of life, and improved their exercise capacity, pulmonary function, readmission condition.",National Cheng-Kung University Hospital,2019-09-18,National Cheng-Kung University Hospital,COPD | COPD Exacerbation | Pulmonary Rehabilitation | Weight Training | Virtual Reality | Muscle Strength | Pulmonary Function | Quality of Life | Readmission | respiratory diseases | ClinicalTrials,respiratory diseases,ClinicalTrials,https://clinicaltrials.gov/study/NCT04880486,treatment,2026-05-31 23:57:52.883,"weight training with vr in out-patients with acute exacerbation of chronic obstructive pulmonary disease using weight training with virtual reality can help after discharge patients of acute exacerbation of chronic obstructive pulmonary disease, which maintained their quality of life, and improved their exercise capacity, pulmonary function, readmission condition."
Retinopathy of Prematurity (ROP): Are We There Yet?,"Retinopathy of Prematurity (ROP) affects preterm infants worldwide, involving abnormal development of retinal blood vessels associated with supplemental oxygen use in neonatal care. Although there have been strides in identifying at-risk infants, implementing early screening, updating disease criteria through the International Classification of Retinopathy of Prematurity (ICROP), and developing new therapies, ROP remains a leading cause of preventable blindness. As preterm birth survival rates rise, the incidence of ROP continues to increase and is projected to rise even in countries with abundant resources and well-established care programs. Improving ROP care requires global standardization of screening, diagnosis, and management to prevent missed diagnoses and minimize outcome variability. Intravitreal anti-vascular endothelial growth factor (VEGF) injections are changing the landscape of ROP management, but longitudinal research is needed to determine their long-term safety in preterm infants. Effective ROP management relies on teamwork across disciplines and open communication with parents. Given that parents are lifelong caregivers of a child who may be affected by ROP-related vision impairment, including them in the care team and encouraging psychosocial support is vital. Socioeconomic disparities and limited access to ROP-trained ophthalmologists exacerbate disease burden, underscoring the need for innovative solutions to improve access to care. This perspective emphasizes the importance of globally standardizing ROP prevention and care, noting that efforts are still incomplete, equitable access has not been realized, and the long-term role of anti-VEGF agents in ROP treatment remains unclear.",Coughlin Eva | Alvarado Waylon | Barathi Veluchamy A | Ramchandran Ramani | Costakos Deborah M | Ramasubramanian Aparna | Chaurasia Shyam S,2026-May,"Medicina (Kaunas, Lithuania)",anti-Vascular endothelial growth factor | management | preterm birth | retinal vasculature | retinopathy of prematurity | vision impairment | eye diseases | PubMed,eye diseases,PubMed,https://pubmed.ncbi.nlm.nih.gov/42195122/,prevention,2026-06-01 00:07:26.202,"retinopathy of prematurity (rop): are we there yet? retinopathy of prematurity (rop) affects preterm infants worldwide, involving abnormal development of retinal blood vessels associated with supplemental oxygen use in neonatal care. although there have been strides in identifying at-risk infants, implementing early screening, updating disease criteria through the international classification of retinopathy of prematurity (icrop), and developing new therapies, rop remains a leading cause of preventable blindness. as preterm birth survival rates rise, the incidence of rop continues to increase and is projected to rise even in countries with abundant resources and well-established care programs. improving rop care requires global standardization of screening, diagnosis, and management to prevent missed diagnoses and minimize outcome variability. intravitreal anti-vascular endothelial growth factor (vegf) injections are changing the landscape of rop management, but longitudinal research is needed to determine their long-term safety in preterm infants. effective rop management relies on teamwork across disciplines and open communication with parents. given that parents are lifelong caregivers of a child who may be affected by rop-related vision impairment, including them in the care team and encouraging psychosocial support is vital. socioeconomic disparities and limited access to rop-trained ophthalmologists exacerbate disease burden, underscoring the need for innovative solutions to improve access to care. this perspective emphasizes the importance of globally standardizing rop prevention and care, noting that efforts are still incomplete, equitable access has not been realized, and the long-term role of anti-vegf agents in rop treatment remains unclear."
Activating mutations in the epidermal growth factor receptor underlying responsiveness of non-small-cell lung cancer to gefitinib.,"Background Most patients with non-small-cell lung cancer have no response to the tyrosine kinase inhibitor gefitinib, which targets the epidermal growth factor receptor (EGFR). However, about 10 percent of patients have a rapid and often dramatic clinical response. The molecular mechanisms underlying sensitivity to gefitinib are unknown. Methods We searched for mutations in the EGFR gene in primary tumors from patients with non-small-cell lung cancer who had a response to gefitinib, those who did not have a response, and those who had not been exposed to gefitinib. The functional consequences of identified mutations were evaluated after the mutant proteins were expressed in cultured cells. Results Somatic mutations were identified in the tyrosine kinase domain of the EGFR gene in eight of nine patients with gefitinib-responsive lung cancer, as compared with none of the seven patients with no response (P Conclusions A subgroup of patients with non-small-cell lung cancer have specific mutations in the EGFR gene, which correlate with clinical responsiveness to the tyrosine kinase inhibitor gefitinib. These mutations lead to increased growth factor signaling and confer susceptibility to the inhibitor. Screening for such mutations in lung cancers may identify patients who will have a response to gefitinib.",Thomas J Lynch | Daphne W Bell | Raffaella Sordella | Sarada Gurubhagavatula | Ross A Okimoto | Brian W Brannigan | Patricia L Harris | Sara M Haserlat | Jeffrey G Supko | Frank G Haluska | David N Louis | David C Christiani | Jeff Settleman | Daniel A Haber,2004-04-29,Unknown,cancer | Europe PMC,cancer,Europe PMC,https://pubmed.ncbi.nlm.nih.gov/15118073/,research,2026-06-01 00:00:08.688,"activating mutations in the epidermal growth factor receptor underlying responsiveness of non-small-cell lung cancer to gefitinib. background most patients with non-small-cell lung cancer have no response to the tyrosine kinase inhibitor gefitinib, which targets the epidermal growth factor receptor (egfr). however, about 10 percent of patients have a rapid and often dramatic clinical response. the molecular mechanisms underlying sensitivity to gefitinib are unknown. methods we searched for mutations in the egfr gene in primary tumors from patients with non-small-cell lung cancer who had a response to gefitinib, those who did not have a response, and those who had not been exposed to gefitinib. the functional consequences of identified mutations were evaluated after the mutant proteins were expressed in cultured cells. results somatic mutations were identified in the tyrosine kinase domain of the egfr gene in eight of nine patients with gefitinib-responsive lung cancer, as compared with none of the seven patients with no response (p conclusions a subgroup of patients with non-small-cell lung cancer have specific mutations in the egfr gene, which correlate with clinical responsiveness to the tyrosine kinase inhibitor gefitinib. these mutations lead to increased growth factor signaling and confer susceptibility to the inhibitor. screening for such mutations in lung cancers may identify patients who will have a response to gefitinib."
Safety Study in Patients With Multiple Sclerosis Treated Fingolimod or Other Approved Disease-modifying Therapies,"The purpose of this world-wide prospective parallel-cohort study in patients with relapsing forms of MS, either newly treated with fingolimod or receiving another disease-modifying therapy, is to further explore the incidence of selected safety- related outcomes and to further monitor the overall safety profile of fingolimod under conditions of routine medical practice.",Novartis Pharmaceuticals,2011-08-01,Novartis Pharmaceuticals,Multiple Sclerosis | autoimmune diseases | ClinicalTrials,autoimmune diseases,ClinicalTrials,https://clinicaltrials.gov/study/NCT01442194,treatment,2026-05-31 23:58:38.094,"safety study in patients with multiple sclerosis treated fingolimod or other approved disease-modifying therapies the purpose of this world-wide prospective parallel-cohort study in patients with relapsing forms of ms, either newly treated with fingolimod or receiving another disease-modifying therapy, is to further explore the incidence of selected safety- related outcomes and to further monitor the overall safety profile of fingolimod under conditions of routine medical practice."
A Study of Orelabrutinib in Patients With ITP,This project was undertaken to evaluate the efficacy and safety of BTK inhibitor Orelabrutinib for the secondary treatment of adults with primary immune thrombocytopenia (ITP).,"Xiao-Hui Zhang, MD",2021-12-01,Peking University People's Hospital,Immune Thrombocytopenia | autoimmune diseases | ClinicalTrials,autoimmune diseases,ClinicalTrials,https://clinicaltrials.gov/study/NCT05124028,treatment,2026-05-31 23:58:38.708,a study of orelabrutinib in patients with itp this project was undertaken to evaluate the efficacy and safety of btk inhibitor orelabrutinib for the secondary treatment of adults with primary immune thrombocytopenia (itp).
Sudden Cardiac Arrest,"What is sudden cardiac arrest (SCA)? Sudden cardiac arrest (SCA) is a condition in which the heart suddenly stops beating. When that happens, blood stops flowing to the brain and other vital organs. If it is not treated, SCA usually causes death within minutes. But quick treatment with a defibrillator may be lifesaving. How is sudden cardiac arrest (SCA) different from a heart attack? A heart attack is different from an SCA. A heart attack happens when blood flow to the heart is blocked. During a heart attack, the heart usually doesn't suddenly stop beating. With an SCA, the heart stops beating. Sometimes an SCA can happen after or during recovery from a heart attack. What causes sudden cardiac arrest (SCA)? Your heart has an electrical system that controls the rate and rhythm of your heartbeat. An SCA can happen when the heart 's electrical system is not working right and causes irregular heartbeats. Irregular heartbeats are called arrhythmias. There are different types. They may cause the heart to beat too fast, too slow, or with an irregular rhythm. Some can cause the heart to stop pumping blood to the body; this is the type that causes SCA. Certain diseases and conditions can cause the electrical problems that lead to SCA. They include: Ventricular fibrillation, a type of arrhythmia where the ventricles (the heart 's lower chambers) don't beat normally. Instead, they beat very fast and very irregularly. They can't pump blood to the body. This causes most SCAs. Coronary artery disease (CAD), also called ischemic heart disease . CAD happens when the arteries of the heart cannot deliver enough oxygen-rich blood to the heart . It is often caused by the buildup of plaque, a waxy substance, inside the lining of larger coronary arteries. The plaque blocks some or all of the blood flow to the heart . Some types of physical stress can cause your heart 's electrical system to fail, such as Intense physical activity in which your body releases the hormone adrenaline. This hormone can trigger SCA in people who have heart problems. Very low blood levels of potassium or magnesium. These minerals play an important role in your heart 's electrical system. Major blood loss Severe lack of oxygen Certain inherited disorders which can cause arrhythmias or problems with the structure of your heart Structural changes in the heart , such as an enlarged heart due to high blood pressure or advanced heart disease . Heart infections can also cause changes to the structure of the heart . Who is at risk for sudden cardiac arrest (SCA)? You are at higher risk for SCA if you: Have coronary artery disease (CAD). Most people with SCA have CAD. But CAD usually doesn't cause symptoms, so they may not know that they have it. Are older; your risk increases with age Are a man; it is more common in men than women Are Black or African American, especially if you have other conditions such as diabetes, high blo",MedlinePlus Editorial Team,2026-06-01,MedlinePlus,Heart Arrest | heart disease | MedlinePlus,heart disease,MedlinePlus,https://medlineplus.gov/suddencardiacarrest.html,treatment,2026-06-01 00:03:55.506,"sudden cardiac arrest what is sudden cardiac arrest (sca)? sudden cardiac arrest (sca) is a condition in which the heart suddenly stops beating. when that happens, blood stops flowing to the brain and other vital organs. if it is not treated, sca usually causes death within minutes. but quick treatment with a defibrillator may be lifesaving. how is sudden cardiac arrest (sca) different from a heart attack? a heart attack is different from an sca. a heart attack happens when blood flow to the heart is blocked. during a heart attack, the heart usually doesn't suddenly stop beating. with an sca, the heart stops beating. sometimes an sca can happen after or during recovery from a heart attack. what causes sudden cardiac arrest (sca)? your heart has an electrical system that controls the rate and rhythm of your heartbeat. an sca can happen when the heart 's electrical system is not working right and causes irregular heartbeats. irregular heartbeats are called arrhythmias. there are different types. they may cause the heart to beat too fast, too slow, or with an irregular rhythm. some can cause the heart to stop pumping blood to the body; this is the type that causes sca. certain diseases and conditions can cause the electrical problems that lead to sca. they include: ventricular fibrillation, a type of arrhythmia where the ventricles (the heart 's lower chambers) don't beat normally. instead, they beat very fast and very irregularly. they can't pump blood to the body. this causes most scas. coronary artery disease (cad), also called ischemic heart disease . cad happens when the arteries of the heart cannot deliver enough oxygen-rich blood to the heart . it is often caused by the buildup of plaque, a waxy substance, inside the lining of larger coronary arteries. the plaque blocks some or all of the blood flow to the heart . some types of physical stress can cause your heart 's electrical system to fail, such as intense physical activity in which your body releases the hormone adrenaline. this hormone can trigger sca in people who have heart problems. very low blood levels of potassium or magnesium. these minerals play an important role in your heart 's electrical system. major blood loss severe lack of oxygen certain inherited disorders which can cause arrhythmias or problems with the structure of your heart structural changes in the heart , such as an enlarged heart due to high blood pressure or advanced heart disease . heart infections can also cause changes to the structure of the heart . who is at risk for sudden cardiac arrest (sca)? you are at higher risk for sca if you: have coronary artery disease (cad). most people with sca have cad. but cad usually doesn't cause symptoms, so they may not know that they have it. are older; your risk increases with age are a man; it is more common in men than women are black or african american, especially if you have other conditions such as diabetes, high blo"
Intranasal infection of Rift Valley fever virus in the ferret model suggests multiple routes of neuroinvasion with consequential encephalitis and ophthalmitis.,"Rift Valley fever virus (RVFV) causes haemorrhagic fever, ophthalmitis, and in severe cases, encephalitis in humans. Despite the well-recognised neurotropism, the mechanisms of central nervous system (CNS) invasion remain poorly understood. We investigated RVFV ingress into the CNS and resulting neuropathogenesis following intranasal inoculation in ferrets (Mustela putorius furo) (n = 15). At 3 DPI, before RVFV dissemination to the CNS, mild multifocal suppurative rhinitis and multifocal interstitial pneumonia were detected in the nasal cavity and lungs respectively, supported by detection of viral antigen and genome. From 6 DPI, infected ferrets exhibited neurological signs; by 6 - 8 DPI, a mild-to-moderate non-suppurative meningoencephalitis and myelitis was observed, progressing rostrally to caudally, with ophthalmitis observed from 7 DPI and 100% mortality by 8 DPI. Mild-to-moderate hyperaemia of the meninges was identified macroscopically in all infected ferrets. An immune response to infection was unable to prevent neuropathogenesis and clinical disease. Although our results suggest that neuroinvasion occurs via the olfactory route through the nasal turbinates to cranial nerves, virus replication in the lungs and presence of viremia implies that haematogenous dissemination into the CNS as a secondary route is possible. This relevant experimental ferret model may further contribute to understanding the pathogenesis of human RVFV infection.",Schlachter Audra-Lynne D | Mansfield Karen L | Gonzalez Estela | Núñez Alejandro | Sánchez-Cordón Pedro J | Lean Fabian Z X | Garcia-Bocanegra Ignacio | Brun Alejandro | Johnson Nicholas,2026-May,Scientific reports,Anterior uveitis | Encephalitis | Ferret | Intranasal | Ophthalmitis | Rift Valley fever virus | neurological diseases | PubMed,neurological diseases,PubMed,https://pubmed.ncbi.nlm.nih.gov/42203822/,research,2026-06-01 00:07:10.791,"intranasal infection of rift valley fever virus in the ferret model suggests multiple routes of neuroinvasion with consequential encephalitis and ophthalmitis. rift valley fever virus (rvfv) causes haemorrhagic fever, ophthalmitis, and in severe cases, encephalitis in humans. despite the well-recognised neurotropism, the mechanisms of central nervous system (cns) invasion remain poorly understood. we investigated rvfv ingress into the cns and resulting neuropathogenesis following intranasal inoculation in ferrets (mustela putorius furo) (n = 15). at 3 dpi, before rvfv dissemination to the cns, mild multifocal suppurative rhinitis and multifocal interstitial pneumonia were detected in the nasal cavity and lungs respectively, supported by detection of viral antigen and genome. from 6 dpi, infected ferrets exhibited neurological signs; by 6 - 8 dpi, a mild-to-moderate non-suppurative meningoencephalitis and myelitis was observed, progressing rostrally to caudally, with ophthalmitis observed from 7 dpi and 100% mortality by 8 dpi. mild-to-moderate hyperaemia of the meninges was identified macroscopically in all infected ferrets. an immune response to infection was unable to prevent neuropathogenesis and clinical disease. although our results suggest that neuroinvasion occurs via the olfactory route through the nasal turbinates to cranial nerves, virus replication in the lungs and presence of viremia implies that haematogenous dissemination into the cns as a secondary route is possible. this relevant experimental ferret model may further contribute to understanding the pathogenesis of human rvfv infection."
Angiotensin-converting enzyme 2 is a functional receptor for the SARS coronavirus.,"Spike (S) proteins of coronaviruses, including the coronavirus that causes severe acute respiratory syndrome (SARS), associate with cellular receptors to mediate infection of their target cells. Here we identify a metallopeptidase, angiotensin-converting enzyme 2 (ACE2), isolated from SARS coronavirus (SARS-CoV)-permissive Vero E6 cells, that efficiently binds the S1 domain of the SARS-CoV S protein. We found that a soluble form of ACE2, but not of the related enzyme ACE1, blocked association of the S1 domain with Vero E6 cells. 293T cells transfected with ACE2, but not those transfected with human immunodeficiency virus-1 receptors, formed multinucleated syncytia with cells expressing S protein. Furthermore, SARS-CoV replicated efficiently on ACE2-transfected but not mock-transfected 293T cells. Finally, anti-ACE2 but not anti-ACE1 antibody blocked viral replication on Vero E6 cells. Together our data indicate that ACE2 is a functional receptor for SARS-CoV.",Wenhui Li | Michael J Moore | Natalya Vasilieva | Jianhua Sui | Swee Kee Wong | Michael A Berne | Mohan Somasundaran | John L Sullivan | Katherine Luzuriaga | Thomas C Greenough | Hyeryun Choe | Michael Farzan,2003-11-01,Unknown,heart disease | Europe PMC,heart disease,Europe PMC,https://pubmed.ncbi.nlm.nih.gov/14647384/,research,2026-06-01 00:00:47.561,"angiotensin-converting enzyme 2 is a functional receptor for the sars coronavirus. spike (s) proteins of coronaviruses, including the coronavirus that causes severe acute respiratory syndrome (sars), associate with cellular receptors to mediate infection of their target cells. here we identify a metallopeptidase, angiotensin-converting enzyme 2 (ace2), isolated from sars coronavirus (sars-cov)-permissive vero e6 cells, that efficiently binds the s1 domain of the sars-cov s protein. we found that a soluble form of ace2, but not of the related enzyme ace1, blocked association of the s1 domain with vero e6 cells. 293t cells transfected with ace2, but not those transfected with human immunodeficiency virus-1 receptors, formed multinucleated syncytia with cells expressing s protein. furthermore, sars-cov replicated efficiently on ace2-transfected but not mock-transfected 293t cells. finally, anti-ace2 but not anti-ace1 antibody blocked viral replication on vero e6 cells. together our data indicate that ace2 is a functional receptor for sars-cov."
Natural products in drug discovery: advances and opportunities.,"Natural products and their structural analogues have historically made a major contribution to pharmacotherapy, especially for cancer and infectious diseases. Nevertheless, natural products also present challenges for drug discovery, such as technical barriers to screening, isolation, characterization and optimization, which contributed to a decline in their pursuit by the pharmaceutical industry from the 1990s onwards. In recent years, several technological and scientific developments - including improved analytical tools, genome mining and engineering strategies, and microbial culturing advances - are addressing such challenges and opening up new opportunities. Consequently, interest in natural products as drug leads is being revitalized, particularly for tackling antimicrobial resistance. Here, we summarize recent technological developments that are enabling natural product-based drug discovery, highlight selected applications and discuss key opportunities.",Atanas G Atanasov | Sergey B Zotchev | Verena M Dirsch | Claudiu T Supuran,2021-01-28,Unknown,neurological diseases | Europe PMC,neurological diseases,Europe PMC,https://pubmed.ncbi.nlm.nih.gov/33510482/,treatment,2026-06-01 00:01:07.734,"natural products in drug discovery: advances and opportunities. natural products and their structural analogues have historically made a major contribution to pharmacotherapy, especially for cancer and infectious diseases. nevertheless, natural products also present challenges for drug discovery, such as technical barriers to screening, isolation, characterization and optimization, which contributed to a decline in their pursuit by the pharmaceutical industry from the 1990s onwards. in recent years, several technological and scientific developments - including improved analytical tools, genome mining and engineering strategies, and microbial culturing advances - are addressing such challenges and opening up new opportunities. consequently, interest in natural products as drug leads is being revitalized, particularly for tackling antimicrobial resistance. here, we summarize recent technological developments that are enabling natural product-based drug discovery, highlight selected applications and discuss key opportunities."
"Gestational syphilis and prenatal care: a study in light of individual, social, and programmatic vulnerabilities.","To analyze the perception of women diagnosed with gestational syphilis regarding prenatal care within the Family Health Strategy and to discuss the individual, social, and programmatic vulnerabilities related to this context. Qualitative and descriptive research, conducted with 20 women diagnosed with gestational syphilis, reported at two Family Clinics located in the Santa Cruz neighborhood, Rio de Janeiro/Brazil. Data collection was carried out through individual semi-structured interviews in the participants' homes, and data processing was performed using the software IRAMUTEQ. The participants were mostly mixed-race or black, with low levels of education, unemployed, and with low income, indicating social vulnerability. Syphilis was primarily diagnosed during pregnancy, with some cases only identified during childbirth or postpartum. The results pointed to individual, social, and programmatic vulnerabilities related to lack of knowledge, barriers to access, and failures in prenatal care. Gestational syphilis is associated with social and structural factors that require integrated actions in health education, strengthening prenatal care, and expanding the involvement of partnerships in treatment. Analisar a percepção de mulheres diagnosticadas com sífilis gestacional sobre o acompanhamento pré-natal na Estratégia Saúde da Família e discutir as vulnerabilidades individual, social e programática relacionadas a esse contexto. Pesquisa qualitativa e descritiva, realizada com 20 mulheres com diagnóstico de sífilis gestacional, notificadas em duas Clínicas da Família localizadas no bairro Santa Cruz, Rio de Janeiro/Brasil. Como coleta de dados foi realizada entrevista semiestruturada individual nas residências das participantes e tratamento dos dados por meio do software IRAMUTEQ. As participantes eram majoritariamente pardas ou pretas, com baixa escolaridade, desemprego e baixa renda, indicando vulnerabilidade social. O diagnóstico de sífilis ocorreu principalmente durante a gestação, sendo alguns casos identificados apenas no parto ou pós-parto. Os resultados apontaram vulnerabilidades individuais, sociais e programáticas, relacionadas à falta de conhecimento, barreiras de acesso e falhas no pré-natal. A sífilis gestacional está associada a fatores sociais e estruturais que exigem ações integradas de educação em saúde, fortalecimento do pré-natal e ampliação do envolvimento das parcerias no tratamento. Analizar la percepción de las mujeres diagnosticadas con sífilis gestacional respecto a la atención prenatal en el marco de la Estrategia de Salud Familiar y debatir las vulnerabilidades individuales, sociales y programáticas relacionadas con este contexto. Investigación cualitativa y descriptiva, realizada con 20 mujeres diagnosticadas con sífilis gestacional, cuyos resultados se obtuvieron en dos clínicas familiares ubicadas en el barrio de Santa Cruz, Río de Janeiro/Brasil. La recopilación de datos se llevó a cabo mediante entrevistas individuales semiestructuradas en los domicilios de las participantes, y el procesamiento de datos se realizó utilizando el software IRAMUTEQ. Las participantes eran en su mayoría mestizas o negras, con bajos niveles de educación, desempleo y bajos ingresos, lo que indica vulnerabilidad social. La sífilis se diagnosticaba principalmente durante el embarazo, aunque algunos casos solo se identificaban durante el parto o el posparto. Los resultados señalaron vulnerabilidades individuales, sociales y programáticas relacionadas con la falta de conocimiento, las barreras de acceso y las deficiencias en la atención prenatal. La sífilis gestacional está asociada a factores sociales y estructurales que requieren acciones integradas en materia de educación para la salud, fortalecimiento de la atención prenatal y ampliación de la participación de las parejas en el tratamiento.",Sarefino Adriana de Oliveira | Queiroz Ana Beatriz Azevedo | Silva Karla Gualberto | Souza Norma Valéria Dantas de Oliveira | Titara Natalia Moreira Leitão | Carvalho Ana Luiza de Oliveira | Bezerra Juliana da Fonsêca | Pinheiro Ana Kedma Correa | Rosa Aline Furtado da,2026-,Revista da Escola de Enfermagem da U S P,"Humans | Prenatal Care | Pregnancy | Female | Brazil | Pregnancy Complications, Infectious | Syphilis | Adult | Young Adult | Social Vulnerability | Health Knowledge, Attitudes, Practice | Health Services Accessibility | infectious diseases | PubMed",infectious diseases,PubMed,https://pubmed.ncbi.nlm.nih.gov/42213455/,other,2026-06-01 00:07:43.865,"gestational syphilis and prenatal care: a study in light of individual, social, and programmatic vulnerabilities. to analyze the perception of women diagnosed with gestational syphilis regarding prenatal care within the family health strategy and to discuss the individual, social, and programmatic vulnerabilities related to this context. qualitative and descriptive research, conducted with 20 women diagnosed with gestational syphilis, reported at two family clinics located in the santa cruz neighborhood, rio de janeiro/brazil. data collection was carried out through individual semi-structured interviews in the participants' homes, and data processing was performed using the software iramuteq. the participants were mostly mixed-race or black, with low levels of education, unemployed, and with low income, indicating social vulnerability. syphilis was primarily diagnosed during pregnancy, with some cases only identified during childbirth or postpartum. the results pointed to individual, social, and programmatic vulnerabilities related to lack of knowledge, barriers to access, and failures in prenatal care. gestational syphilis is associated with social and structural factors that require integrated actions in health education, strengthening prenatal care, and expanding the involvement of partnerships in treatment. analisar a percepção de mulheres diagnosticadas com sífilis gestacional sobre o acompanhamento pré-natal na estratégia saúde da família e discutir as vulnerabilidades individual, social e programática relacionadas a esse contexto. pesquisa qualitativa e descritiva, realizada com 20 mulheres com diagnóstico de sífilis gestacional, notificadas em duas clínicas da família localizadas no bairro santa cruz, rio de janeiro/brasil. como coleta de dados foi realizada entrevista semiestruturada individual nas residências das participantes e tratamento dos dados por meio do software iramuteq. as participantes eram majoritariamente pardas ou pretas, com baixa escolaridade, desemprego e baixa renda, indicando vulnerabilidade social. o diagnóstico de sífilis ocorreu principalmente durante a gestação, sendo alguns casos identificados apenas no parto ou pós-parto. os resultados apontaram vulnerabilidades individuais, sociais e programáticas, relacionadas à falta de conhecimento, barreiras de acesso e falhas no pré-natal. a sífilis gestacional está associada a fatores sociais e estruturais que exigem ações integradas de educação em saúde, fortalecimento do pré-natal e ampliação do envolvimento das parcerias no tratamento. analizar la percepción de las mujeres diagnosticadas con sífilis gestacional respecto a la atención prenatal en el marco de la estrategia de salud familiar y debatir las vulnerabilidades individuales, sociales y programáticas relacionadas con este contexto. investigación cualitativa y descriptiva, realizada con 20 mujeres diagnosticadas con sífilis gestacional, cuyos resultados se obtuvieron en dos clínicas familiares ubicadas en el barrio de santa cruz, río de janeiro/brasil. la recopilación de datos se llevó a cabo mediante entrevistas individuales semiestructuradas en los domicilios de las participantes, y el procesamiento de datos se realizó utilizando el software iramuteq. las participantes eran en su mayoría mestizas o negras, con bajos niveles de educación, desempleo y bajos ingresos, lo que indica vulnerabilidad social. la sífilis se diagnosticaba principalmente durante el embarazo, aunque algunos casos solo se identificaban durante el parto o el posparto. los resultados señalaron vulnerabilidades individuales, sociales y programáticas relacionadas con la falta de conocimiento, las barreras de acceso y las deficiencias en la atención prenatal. la sífilis gestacional está asociada a factores sociales y estructurales que requieren acciones integradas en materia de educación para la salud, fortalecimiento de la atención prenatal y ampliación de la participación de las parejas en el tratamiento."
Real-World Usage of a Paclitaxel-Coated Balloon With Urea Compared With Other Contemporary Drug-Coated Balloons: A 2-Year Analysis From SCAAR in Over 6000 Patients.,"Drug-coated balloons (DCB) are frequently used during percutaneous coronary intervention. Despite this there are limited data from studies comparing different types of DCB, particularly for a paclitaxel-coated balloon (PCB) using urea as the excipient. This study aimed to assess the clinical efficacy of the PCB with urea compared with other frequently used DCB, attempting to emulate a target trial using observational data. SCAAR (Swedish Coronary Angiography and Angioplasty Registry) is a nationwide registry including data on all patients in Sweden undergoing coronary angiography. For this study, all procedures with DCB in Sweden between August 2021 and May 2024 were included. Propensity score weighted multivariable Cox regression analysis and Kaplan-Meier estimates were used to assess outcomes through 2 years. A total of %) procedures with the PCB with urea and %) procedures with Other DCB were eligible for this analysis. DCB treatment was performed in a variety of patients and lesions including 32.4% diabetes, 64.2% acute coronary syndrome, 20.5% bifurcations and 33.0% in-stent restenosis. After 2 years, the event rates for the PCB with urea and Other DCB were 16.4% versus 18.4% for major adverse cardiovascular events (hazard ratio [HR] 1.01 [95% CI ]), 7.2% versus 8.2% for all-cause mortality (HR 1.05 [95% CI ]), 6.1% versus 8.0% for myocardial infarction (HR 0.81 [95% CI ]), 14.6% versus 14.9% for new revascularization with percutaneous coronary intervention (HR 1.02 [95% CI ]), 0.8% versus 1.3% for target lesion definite thrombosis (HR 0.93 [95% CI ]), 7.4% versus 8.7% for target lesion revascularization (HR 0.95 [95% CI ]), and 10.5% versus 11.3% for target vessel revascularization (HR 0.99 [95% CI ]). In this analysis evaluating 2-year clinical outcomes after DCB, in a broad patient population, the PCB with urea had comparable outcomes with other contemporary DCB. This data further support the safety and efficacy of the PCB with urea.",von Koch Sacharias | Frank Erika | Gabrysch Katja | James Stefan | Götberg Matthias | Mohammad Moman A | Erlinge David,2026-May,Journal of the American Heart Association,drug‐coated balloons | paclitaxel | percutaneous coronary intervention | diabetes | PubMed,diabetes,PubMed,https://pubmed.ncbi.nlm.nih.gov/42216271/,treatment,2026-06-01 00:06:47.916,"real-world usage of a paclitaxel-coated balloon with urea compared with other contemporary drug-coated balloons: a 2-year analysis from scaar in over 6000 patients. drug-coated balloons (dcb) are frequently used during percutaneous coronary intervention. despite this there are limited data from studies comparing different types of dcb, particularly for a paclitaxel-coated balloon (pcb) using urea as the excipient. this study aimed to assess the clinical efficacy of the pcb with urea compared with other frequently used dcb, attempting to emulate a target trial using observational data. scaar (swedish coronary angiography and angioplasty registry) is a nationwide registry including data on all patients in sweden undergoing coronary angiography. for this study, all procedures with dcb in sweden between august 2021 and may 2024 were included. propensity score weighted multivariable cox regression analysis and kaplan-meier estimates were used to assess outcomes through 2 years. a total of %) procedures with the pcb with urea and %) procedures with other dcb were eligible for this analysis. dcb treatment was performed in a variety of patients and lesions including 32.4% diabetes, 64.2% acute coronary syndrome, 20.5% bifurcations and 33.0% in-stent restenosis. after 2 years, the event rates for the pcb with urea and other dcb were 16.4% versus 18.4% for major adverse cardiovascular events (hazard ratio [hr] 1.01 [95% ci ]), 7.2% versus 8.2% for all-cause mortality (hr 1.05 [95% ci ]), 6.1% versus 8.0% for myocardial infarction (hr 0.81 [95% ci ]), 14.6% versus 14.9% for new revascularization with percutaneous coronary intervention (hr 1.02 [95% ci ]), 0.8% versus 1.3% for target lesion definite thrombosis (hr 0.93 [95% ci ]), 7.4% versus 8.7% for target lesion revascularization (hr 0.95 [95% ci ]), and 10.5% versus 11.3% for target vessel revascularization (hr 0.99 [95% ci ]). in this analysis evaluating 2-year clinical outcomes after dcb, in a broad patient population, the pcb with urea had comparable outcomes with other contemporary dcb. this data further support the safety and efficacy of the pcb with urea."
Intra-arterial Hepatic (IAH) Infusion of Radiolabelled Somatostatin Analogs in GEP-NET Patients With Dominant Liver Metastases,"The management of liver metastases in neuroendocrine neoplasms is challenging. Peptide receptor radionuclide therapy with radiolabeled somatostatin analogs (SSA) is one of the most promising therapeutic options. As liver is the most frequent site of metastatic disease, our project proposes to compare administration of radiolabeled SSA by arterial intrahepatic infusion (experimental approach) vs intravenous administration (conventional). Evaluation will be made by (i) comparing 68Ga-DOTA-peptides uptake after intra-hepatic versus intravenous route (imaging), (ii) by evaluating the safety of an additional intra-hepatic administration of therapeutic radiolabeled SSA (therapy).","Ghoufrane TLILI, Dr | Macary Guillaume",2021-09-24,"University Hospital, Bordeaux",Neuroendocrine Tumor | Liver Metastases | Neuroendocrine Gastroenteropancreatic Tumour | cancer | ClinicalTrials,cancer,ClinicalTrials,https://clinicaltrials.gov/study/NCT04837885,treatment,2026-05-31 23:56:54.293,"intra-arterial hepatic (iah) infusion of radiolabelled somatostatin analogs in gep-net patients with dominant liver metastases the management of liver metastases in neuroendocrine neoplasms is challenging. peptide receptor radionuclide therapy with radiolabeled somatostatin analogs (ssa) is one of the most promising therapeutic options. as liver is the most frequent site of metastatic disease, our project proposes to compare administration of radiolabeled ssa by arterial intrahepatic infusion (experimental approach) vs intravenous administration (conventional). evaluation will be made by (i) comparing 68ga-dota-peptides uptake after intra-hepatic versus intravenous route (imaging), (ii) by evaluating the safety of an additional intra-hepatic administration of therapeutic radiolabeled ssa (therapy)."
Kidney Tests,"You have two kidneys. They are fist-sized organs on either side of your backbone above your waist. Your kidneys filter and clean your blood, taking out waste products and making urine. Kidney tests check to see how well your kidneys are working. They include blood, urine, and imaging tests. Early kidney disease usually does not have signs or symptoms. Testing is the only way to know how your kidneys are doing. It is important for you to get checked for kidney disease if you have the key risk factors - diabetes , high blood pressure, heart disease, or a family history of kidney failure. Specific kidney tests include: Glomerular filtration rate (GFR) - one of the most common blood tests to check for chronic kidney disease. It tells how well your kidneys are filtering. Creatinine blood and urine tests - check the levels of creatinine, a waste product that your kidneys remove from your blood Albumin urine test - checks for albumin, a protein that can pass into the urine if the kidneys are damaged Imaging tests, such as an ultrasound - provide pictures of the kidneys. The pictures help the health care provider see the size and shape of the kidneys, and check for anything unusual. Kidney biopsy - a procedure that involves taking a small piece of kidney tissue for examination with a microscope. It checks for the cause of kidney disease and how damaged your kidneys are. NIH: National Institute of Diabetes and Digestive and Kidney Diseases",MedlinePlus Editorial Team,2026-06-01,MedlinePlus,Kidney Function Tests | diabetes | MedlinePlus,diabetes,MedlinePlus,https://medlineplus.gov/kidneytests.html,diagnostic,2026-06-01 00:03:42.544,"kidney tests you have two kidneys. they are fist-sized organs on either side of your backbone above your waist. your kidneys filter and clean your blood, taking out waste products and making urine. kidney tests check to see how well your kidneys are working. they include blood, urine, and imaging tests. early kidney disease usually does not have signs or symptoms. testing is the only way to know how your kidneys are doing. it is important for you to get checked for kidney disease if you have the key risk factors - diabetes , high blood pressure, heart disease, or a family history of kidney failure. specific kidney tests include: glomerular filtration rate (gfr) - one of the most common blood tests to check for chronic kidney disease. it tells how well your kidneys are filtering. creatinine blood and urine tests - check the levels of creatinine, a waste product that your kidneys remove from your blood albumin urine test - checks for albumin, a protein that can pass into the urine if the kidneys are damaged imaging tests, such as an ultrasound - provide pictures of the kidneys. the pictures help the health care provider see the size and shape of the kidneys, and check for anything unusual. kidney biopsy - a procedure that involves taking a small piece of kidney tissue for examination with a microscope. it checks for the cause of kidney disease and how damaged your kidneys are. nih: national institute of diabetes and digestive and kidney diseases"
Association of Continuous Medicaid Eligibility With Postpartum Coverage and Opioid Use Disorder Treatment.,"Over three quarters of pregnant people with opioid use disorder are enrolled in Medicaid at delivery, but pregnancy-related Medicaid eligibility has historically ended 60 days postpartum, leading to periods without insurance and decreased access to health care during the first year postpartum. The Families First Coronavirus Response Act, passed in March 2020, prevented states from disenrolling Medicaid enrollees, including postpartum enrollees, during the COVID-19 Public Health Emergency. A difference-in-difference model was used to compare the continuity of coverage among postpartum persons with opioid use disorder in Medicaid versus commercial insurance before and after the Families First Coronavirus Response Act . A segmented regression model was used to assess medication for opioid use disorder retention (at 6 and 12 months) among those with Medicaid at delivery before ( ) versus after Families First Coronavirus Response Act ( ). Among deliveries from 2016 to 2022, 1, %) were enrolled in commercial insurance, and 12, %) were in Medicaid. In the pre-Families First Coronavirus Response Act period, 60.0% of commercially insured and 63.5% of Medicaid-insured deliveries remained enrolled through 12-months postpartum. In adjusted analyses, the Families First Coronavirus Response Act was associated with a 23.2 percentage-point (95% CI=17.6%, 28.8%) increase in 12-month continuous Medicaid coverage compared with that among commercially insured individuals. Among Medicaid enrollees, medication for opioid use disorder retention increased by 14.4 (95% CI=8.2, 20.6) and 16.3 (95% CI=10.1, 22.5) percentage points (level change) in 6- and 12-month medication for opioid use disorder retention, respectively, after the Families First Coronavirus Response Act. In this observational study, the Families First Coronavirus Response Act was associated with increased health insurance stability and improved medication for opioid use disorder retention among postpartum Medicaid beneficiaries with opioid use disorder. These findings suggest that postpartum Medicaid extensions, implemented in 49 states and Washington, DC, could help increase insurance coverage stability and medication for opioid use disorder use for this high-risk population.",Biondi Breanne E | Shafer Paul R | Epstein Rachel L | Stein Michael D | Daw Jamie R | Gordon Sarah H,2026-May,American journal of preventive medicine,infectious diseases | PubMed,infectious diseases,PubMed,https://pubmed.ncbi.nlm.nih.gov/42213013/,treatment,2026-06-01 00:07:44.119,"association of continuous medicaid eligibility with postpartum coverage and opioid use disorder treatment. over three quarters of pregnant people with opioid use disorder are enrolled in medicaid at delivery, but pregnancy-related medicaid eligibility has historically ended 60 days postpartum, leading to periods without insurance and decreased access to health care during the first year postpartum. the families first coronavirus response act, passed in march 2020, prevented states from disenrolling medicaid enrollees, including postpartum enrollees, during the covid-19 public health emergency. a difference-in-difference model was used to compare the continuity of coverage among postpartum persons with opioid use disorder in medicaid versus commercial insurance before and after the families first coronavirus response act . a segmented regression model was used to assess medication for opioid use disorder retention (at 6 and 12 months) among those with medicaid at delivery before ( ) versus after families first coronavirus response act ( ). among deliveries from 2016 to 2022, 1, %) were enrolled in commercial insurance, and 12, %) were in medicaid. in the pre-families first coronavirus response act period, 60.0% of commercially insured and 63.5% of medicaid-insured deliveries remained enrolled through 12-months postpartum. in adjusted analyses, the families first coronavirus response act was associated with a 23.2 percentage-point (95% ci=17.6%, 28.8%) increase in 12-month continuous medicaid coverage compared with that among commercially insured individuals. among medicaid enrollees, medication for opioid use disorder retention increased by 14.4 (95% ci=8.2, 20.6) and 16.3 (95% ci=10.1, 22.5) percentage points (level change) in 6- and 12-month medication for opioid use disorder retention, respectively, after the families first coronavirus response act. in this observational study, the families first coronavirus response act was associated with increased health insurance stability and improved medication for opioid use disorder retention among postpartum medicaid beneficiaries with opioid use disorder. these findings suggest that postpartum medicaid extensions, implemented in 49 states and washington, dc, could help increase insurance coverage stability and medication for opioid use disorder use for this high-risk population."
Association of apolipoprotein E allele epsilon 4 with late-onset familial and sporadic Alzheimer's disease.,"Apolipoprotein E, type epsilon 4 allele (APOE epsilon 4), is associated with late-onset familial Alzheimer's disease (AD). There is high avidity and specific binding of amyloid beta-peptide with the protein ApoE. To test the hypothesis that late-onset familial AD may represent the clustering of sporadic AD in families large enough to be studied, we extended the analyses of APOE alleles to several series of sporadic AD patients. APOE epsilon 4 is significantly associated with a series of probable sporadic AD patients (0.36 +/- 0.042, AD, versus 0.16 +/- 0.027, controls [allele frequency estimate +/- standard error], p = 0.00031). Spouse controls did not differ from CEPH grandparent controls from the Centre d'Etude du Polymorphisme Humain (CEPH) or from literature controls. A large combined series of autopsy-documented sporadic AD patients also demonstrated highly significant association with the APOE epsilon 4 allele (0.40 +/- 0.026, p < or = 0.00001). These data support the involvement of ApoE epsilon 4 in the pathogenesis of late-onset familial and sporadic AD. ApoE isoforms may play an important role in the metabolism of beta-peptide, and APOE epsilon 4 may operate as a susceptibility gene (risk factor) for the clinical expression of AD.",A M Saunders | W J Strittmatter | D Schmechel | P H George-Hyslop | M A Pericak-Vance | S H Joo | B L Rosi | J F Gusella | D R Crapper-MacLachlan | M J Alberts,1993-08-01,Unknown,alzheimer | Europe PMC,alzheimer,Europe PMC,https://pubmed.ncbi.nlm.nih.gov/8350998/,treatment,2026-06-01 00:00:31.467,"association of apolipoprotein e allele epsilon 4 with late-onset familial and sporadic alzheimer's disease. apolipoprotein e, type epsilon 4 allele (apoe epsilon 4), is associated with late-onset familial alzheimer's disease (ad). there is high avidity and specific binding of amyloid beta-peptide with the protein apoe. to test the hypothesis that late-onset familial ad may represent the clustering of sporadic ad in families large enough to be studied, we extended the analyses of apoe alleles to several series of sporadic ad patients. apoe epsilon 4 is significantly associated with a series of probable sporadic ad patients (0.36 +/- 0.042, ad, versus 0.16 +/- 0.027, controls [allele frequency estimate +/- standard error], p = 0.00031). spouse controls did not differ from ceph grandparent controls from the centre d'etude du polymorphisme humain (ceph) or from literature controls. a large combined series of autopsy-documented sporadic ad patients also demonstrated highly significant association with the apoe epsilon 4 allele (0.40 +/- 0.026, p < or = 0.00001). these data support the involvement of apoe epsilon 4 in the pathogenesis of late-onset familial and sporadic ad. apoe isoforms may play an important role in the metabolism of beta-peptide, and apoe epsilon 4 may operate as a susceptibility gene (risk factor) for the clinical expression of ad."
An atlas of genetic correlations across human diseases and traits.,"Identifying genetic correlations between complex traits and diseases can provide useful etiological insights and help prioritize likely causal relationships. The major challenges preventing estimation of genetic correlation from genome-wide association study (GWAS) data with current methods are the lack of availability of individual-level genotype data and widespread sample overlap among meta-analyses. We circumvent these difficulties by introducing a technique-cross-trait LD Score regression-for estimating genetic correlation that requires only GWAS summary statistics and is not biased by sample overlap. We use this method to estimate 276 genetic correlations among 24 traits. The results include genetic correlations between anorexia nervosa and schizophrenia, anorexia and obesity, and educational attainment and several diseases. These results highlight the power of genome-wide analyses, as there currently are no significantly associated SNPs for anorexia nervosa and only three for educational attainment.",Brendan Bulik-Sullivan | Hilary K Finucane | Verneri Anttila | Alexander Gusev | Felix R Day | Po-Ru Loh | Laramie Duncan | John R B Perry | Nick Patterson | Elise B Robinson | Mark J Daly | Alkes L Price | Benjamin M Neale,2015-09-28,Unknown,alzheimer | Europe PMC,alzheimer,Europe PMC,https://pubmed.ncbi.nlm.nih.gov/26414676/,prevention,2026-06-01 00:00:31.214,"an atlas of genetic correlations across human diseases and traits. identifying genetic correlations between complex traits and diseases can provide useful etiological insights and help prioritize likely causal relationships. the major challenges preventing estimation of genetic correlation from genome-wide association study (gwas) data with current methods are the lack of availability of individual-level genotype data and widespread sample overlap among meta-analyses. we circumvent these difficulties by introducing a technique-cross-trait ld score regression-for estimating genetic correlation that requires only gwas summary statistics and is not biased by sample overlap. we use this method to estimate 276 genetic correlations among 24 traits. the results include genetic correlations between anorexia nervosa and schizophrenia, anorexia and obesity, and educational attainment and several diseases. these results highlight the power of genome-wide analyses, as there currently are no significantly associated snps for anorexia nervosa and only three for educational attainment."
The pathophysiology and treatment of glaucoma: a review.,"Importance Glaucoma is a worldwide leading cause of irreversible vision loss. Because it may be asymptomatic until a relatively late stage, diagnosis is frequently delayed. A general understanding of the disease pathophysiology, diagnosis, and treatment may assist primary care physicians in referring high-risk patients for comprehensive ophthalmologic examination and in more actively participating in the care of patients affected by this condition. Objective To describe current evidence regarding the pathophysiology and treatment of open-angle glaucoma and angle-closure glaucoma. Evidence review A literature search was conducted using MEDLINE, the Cochrane Library, and manuscript references for studies published in English between January 2000 and September 2013 on the topics open-angle glaucoma and angle-closure glaucoma. From the 4334 abstracts screened, 210 articles were selected that contained information on pathophysiology and treatment with relevance to primary care physicians. Findings The glaucomas are a group of progressive optic neuropathies characterized by degeneration of retinal ganglion cells and resulting changes in the optic nerve head. Loss of ganglion cells is related to the level of intraocular pressure, but other factors may also play a role. Reduction of intraocular pressure is the only proven method to treat the disease. Although treatment is usually initiated with ocular hypotensive drops, laser trabeculoplasty and surgery may also be used to slow disease progression. Conclusions and relevance Primary care physicians can play an important role in the diagnosis of glaucoma by referring patients with positive family history or with suspicious optic nerve head findings for complete ophthalmologic examination. They can improve treatment outcomes by reinforcing the importance of medication adherence and persistence and by recognizing adverse reactions from glaucoma medications and surgeries.",Robert N Weinreb | Tin Aung | Felipe A Medeiros,2014-05-01,Unknown,respiratory diseases | Europe PMC,respiratory diseases,Europe PMC,https://pubmed.ncbi.nlm.nih.gov/24825645/,research,2026-06-01 00:01:19.392,"the pathophysiology and treatment of glaucoma: a review. importance glaucoma is a worldwide leading cause of irreversible vision loss. because it may be asymptomatic until a relatively late stage, diagnosis is frequently delayed. a general understanding of the disease pathophysiology, diagnosis, and treatment may assist primary care physicians in referring high-risk patients for comprehensive ophthalmologic examination and in more actively participating in the care of patients affected by this condition. objective to describe current evidence regarding the pathophysiology and treatment of open-angle glaucoma and angle-closure glaucoma. evidence review a literature search was conducted using medline, the cochrane library, and manuscript references for studies published in english between january 2000 and september 2013 on the topics open-angle glaucoma and angle-closure glaucoma. from the 4334 abstracts screened, 210 articles were selected that contained information on pathophysiology and treatment with relevance to primary care physicians. findings the glaucomas are a group of progressive optic neuropathies characterized by degeneration of retinal ganglion cells and resulting changes in the optic nerve head. loss of ganglion cells is related to the level of intraocular pressure, but other factors may also play a role. reduction of intraocular pressure is the only proven method to treat the disease. although treatment is usually initiated with ocular hypotensive drops, laser trabeculoplasty and surgery may also be used to slow disease progression. conclusions and relevance primary care physicians can play an important role in the diagnosis of glaucoma by referring patients with positive family history or with suspicious optic nerve head findings for complete ophthalmologic examination. they can improve treatment outcomes by reinforcing the importance of medication adherence and persistence and by recognizing adverse reactions from glaucoma medications and surgeries."
"Health effects of dietary risks in 195 countries, : a systematic analysis for the Global Burden of Disease Study 2017.","Background Suboptimal diet is an important preventable risk factor for non-communicable diseases (NCDs); however, its impact on the burden of NCDs has not been systematically evaluated. This study aimed to evaluate the consumption of major foods and nutrients across 195 countries and to quantify the impact of their suboptimal intake on NCD mortality and morbidity. Methods By use of a comparative risk assessment approach, we estimated the proportion of disease-specific burden attributable to each dietary risk factor (also referred to as population attributable fraction) among adults aged 25 years or older. The main inputs to this analysis included the intake of each dietary factor, the effect size of the dietary factor on disease endpoint, and the level of intake associated with the lowest risk of mortality. Then, by use of disease-specific population attributable fractions, mortality, and disability-adjusted life-years (DALYs), we calculated the number of deaths and DALYs attributable to diet for each disease outcome. Findings In 2017, 11 million (95% uncertainty interval [UI] 10-12) deaths and 255 million (234-274) DALYs were attributable to dietary risk factors. High intake of sodium (3 million [1-5] deaths and 70 million [34-118] DALYs), low intake of whole grains (3 million [2-4] deaths and 82 million [59-109] DALYs), and low intake of fruits (2 million [1-4] deaths and 65 million [41-92] DALYs) were the leading dietary risk factors for deaths and DALYs globally and in many countries. Dietary data were from mixed sources and were not available for all countries, increasing the statistical uncertainty of our estimates. Interpretation This study provides a comprehensive picture of the potential impact of suboptimal diet on NCD mortality and morbidity, highlighting the need for improving diet across nations. Our findings will inform implementation of evidence-based dietary interventions and provide a platform for evaluation of their impact on human health annually. Funding Bill & Melinda Gates Foundation.",GBD 2017 Diet Collaborators.,2019-04-04,Unknown,digestive diseases | Europe PMC,digestive diseases,Europe PMC,https://pubmed.ncbi.nlm.nih.gov/30954305/,prevention,2026-06-01 00:02:04.267,"health effects of dietary risks in 195 countries, : a systematic analysis for the global burden of disease study 2017. background suboptimal diet is an important preventable risk factor for non-communicable diseases (ncds); however, its impact on the burden of ncds has not been systematically evaluated. this study aimed to evaluate the consumption of major foods and nutrients across 195 countries and to quantify the impact of their suboptimal intake on ncd mortality and morbidity. methods by use of a comparative risk assessment approach, we estimated the proportion of disease-specific burden attributable to each dietary risk factor (also referred to as population attributable fraction) among adults aged 25 years or older. the main inputs to this analysis included the intake of each dietary factor, the effect size of the dietary factor on disease endpoint, and the level of intake associated with the lowest risk of mortality. then, by use of disease-specific population attributable fractions, mortality, and disability-adjusted life-years (dalys), we calculated the number of deaths and dalys attributable to diet for each disease outcome. findings in 2017, 11 million (95% uncertainty interval [ui] 10-12) deaths and 255 million (234-274) dalys were attributable to dietary risk factors. high intake of sodium (3 million [1-5] deaths and 70 million [34-118] dalys), low intake of whole grains (3 million [2-4] deaths and 82 million [59-109] dalys), and low intake of fruits (2 million [1-4] deaths and 65 million [41-92] dalys) were the leading dietary risk factors for deaths and dalys globally and in many countries. dietary data were from mixed sources and were not available for all countries, increasing the statistical uncertainty of our estimates. interpretation this study provides a comprehensive picture of the potential impact of suboptimal diet on ncd mortality and morbidity, highlighting the need for improving diet across nations. our findings will inform implementation of evidence-based dietary interventions and provide a platform for evaluation of their impact on human health annually. funding bill & melinda gates foundation."
DNA nanocage-assisted multiplex fluorescence quantification of size-fractionated low-mass soluble amyloid-β oligomers.,"Low-mass soluble amyloid-β oligomers (LSAβOs) are increasingly recognized as key neurotoxic species in Alzheimer's disease, yet their structural heterogeneity and low abundance hinder fraction-specific quantitative analysis. Herein, we report a DNA nanocage-assisted multiplex fluorescence analytical platform for size-fractionated detection of LSAβOs in cerebrospinal fluid (CSF). The platform integrates size-selective nanocage recognition with a coupled catalytic hairpin assembly (CHA)-DNAzyme signal amplification architecture. Three customizable DNA nanocages with distinct cavity dimensions act as molecular size sieves, enabling differential capture of LSAβO fractions enriched in <10 kD, 10-30 kD, and 30-50 kD species. The released trigger strands initiate CHA-DNAzyme amplification, generating fluorescence signals that are subsequently resolved via signal deconvolution to yield apparent fraction-specific concentrations. The method achieves detection limits of 5 and 10 pM (S/N = 3) and demonstrates satisfactory recovery in spiked diluted CSF samples. This work establishes an analytical strategy that advances DNA nanocage-based sensing from size-selective recognition toward multiplex amplified quantitative profiling of heterogeneous amyloid oligomers.",Chen Jia | Yu Chenxiao | Xiang Juan,2026-May,Analytical and bioanalytical chemistry,Alzheimer’s disease | DNA nanocages | Fluorescent biosensor | LSAβOs | alzheimer | PubMed,alzheimer,PubMed,https://pubmed.ncbi.nlm.nih.gov/42213122/,other,2026-06-01 00:06:55.317,"dna nanocage-assisted multiplex fluorescence quantification of size-fractionated low-mass soluble amyloid-β oligomers. low-mass soluble amyloid-β oligomers (lsaβos) are increasingly recognized as key neurotoxic species in alzheimer's disease, yet their structural heterogeneity and low abundance hinder fraction-specific quantitative analysis. herein, we report a dna nanocage-assisted multiplex fluorescence analytical platform for size-fractionated detection of lsaβos in cerebrospinal fluid (csf). the platform integrates size-selective nanocage recognition with a coupled catalytic hairpin assembly (cha)-dnazyme signal amplification architecture. three customizable dna nanocages with distinct cavity dimensions act as molecular size sieves, enabling differential capture of lsaβo fractions enriched in <10 kd, 10-30 kd, and 30-50 kd species. the released trigger strands initiate cha-dnazyme amplification, generating fluorescence signals that are subsequently resolved via signal deconvolution to yield apparent fraction-specific concentrations. the method achieves detection limits of 5 and 10 pm (s/n = 3) and demonstrates satisfactory recovery in spiked diluted csf samples. this work establishes an analytical strategy that advances dna nanocage-based sensing from size-selective recognition toward multiplex amplified quantitative profiling of heterogeneous amyloid oligomers."
ROBINS-I: a tool for assessing risk of bias in non-randomised studies of interventions.,ROBINS-I: a tool for assessing risk of bias in non-randomised studies of interventions.,Jonathan Ac Sterne | Miguel A Hernán | Barnaby C Reeves | Jelena Savović | Nancy D Berkman | Meera Viswanathan | David Henry | Douglas G Altman | Mohammed T Ansari | Isabelle Boutron | James R Carpenter | An-Wen Chan | Rachel Churchill | Jonathan J Deeks | Asbjørn Hróbjartsson | Jamie Kirkham | Peter Jüni | Yoon K Loke | Theresa D Pigott | Craig R Ramsay | Deborah Regidor | Hannah R Rothstein | Lakhbir Sandhu | Pasqualina L Santaguida | Holger J Schünemann | Beverly Shea | Ian Shrier | Peter Tugwell | Lucy Turner | Jeffrey C Valentine | Hugh Waddington | Elizabeth Waters | George A Wells | Penny F Whiting | Julian Pt Higgins,2016-10-12,Unknown,cancer | Europe PMC,cancer,Europe PMC,https://pubmed.ncbi.nlm.nih.gov/27733354/,treatment,2026-06-01 00:00:08.475,robins-i: a tool for assessing risk of bias in non-randomised studies of interventions. robins-i: a tool for assessing risk of bias in non-randomised studies of interventions.
Time-programmed Losmapimod release enhances ANXA1-associated efferocytosis for diabetic wound repair.,"Impaired macrophage efferocytosis is a major barrier to timely inflammatory resolution in chronic diabetic wounds. We developed an aligned core-shell gelatin/chitosan dressing for local delivery of losmapimod, a p38 MAPK inhibitor, and achieved a controlled, time-decreasing release profile while preserving wet-state structural integrity. In vitro, losmapimod upregulated ANXA1 and enhanced both macrophage efferocytosis and phagocytic activity. In db/db wounds, the losmapimod-loaded scaffold accelerated healing and improved multiple histological features of pro-healing remodeling, including reduced fibrotic signaling, enhanced vascularization, increased epithelial progenitor-associated signals, and more mature collagen organization. Transcriptomic analysis further supported attenuation of inflammatory recruitment-associated programs together with enrichment of epidermal repair-related pathways. Gain- and loss-of-function studies in macrophages, together with in vivo pharmacological modulation, implicated ANXA1-related signaling as an important contributor to these effects. Together, these findings support a local, time-programmed pro-resolution biomaterial strategy for diabetic wound repair and identify macrophage clearance-associated remodeling as a relevant therapeutic axis.",Yang Xi | Li Bolin | Li Wei | Wang Zirui | Zhao Kexuan | Hu Zhonghao | Peng Yahan | Yang Tongtong | Wang Chenbing,2026-May,Journal of controlled release : official journal of the Controlled Release Society,Aligned core–shell fibers | Annexin A1 | Diabetic wound healing | Efferocytosis | p38 MAPK | diabetes | PubMed,diabetes,PubMed,https://pubmed.ncbi.nlm.nih.gov/42217830/,research,2026-06-01 00:06:47.307,"time-programmed losmapimod release enhances anxa1-associated efferocytosis for diabetic wound repair. impaired macrophage efferocytosis is a major barrier to timely inflammatory resolution in chronic diabetic wounds. we developed an aligned core-shell gelatin/chitosan dressing for local delivery of losmapimod, a p38 mapk inhibitor, and achieved a controlled, time-decreasing release profile while preserving wet-state structural integrity. in vitro, losmapimod upregulated anxa1 and enhanced both macrophage efferocytosis and phagocytic activity. in db/db wounds, the losmapimod-loaded scaffold accelerated healing and improved multiple histological features of pro-healing remodeling, including reduced fibrotic signaling, enhanced vascularization, increased epithelial progenitor-associated signals, and more mature collagen organization. transcriptomic analysis further supported attenuation of inflammatory recruitment-associated programs together with enrichment of epidermal repair-related pathways. gain- and loss-of-function studies in macrophages, together with in vivo pharmacological modulation, implicated anxa1-related signaling as an important contributor to these effects. together, these findings support a local, time-programmed pro-resolution biomaterial strategy for diabetic wound repair and identify macrophage clearance-associated remodeling as a relevant therapeutic axis."
"Guidance for clinical case management of thrombosis with thrombocytopenia syndrome (TTS) following vaccination to prevent coronavirus disease (COVID-19): interim guidance, 19 July 2021","vi, 64 p.",World Health Organization,2021-07-19,World Health Organization,WHO guideline | autoimmune diseases | WHO,autoimmune diseases,WHO,https://iris.who.int/handle/10665/342999,prevention,2026-06-01 00:05:58.725,"guidance for clinical case management of thrombosis with thrombocytopenia syndrome (tts) following vaccination to prevent coronavirus disease (covid-19): interim guidance, 19 july 2021 vi, 64 p."
A goat-derived gamma-tubulin antibody for triple-channel imaging of primary cilia.,"Primary cilia are essential sensory organelles, and their dysfunction leads to a broad spectrum of diseases known as ciliopathies. Immunofluorescence imaging of ciliary substructures is a key tool in cilia research, but multiplex staining is often limited by the availability of antibodies from different host species. We developed a novel goat-derived gamma tubulin antibody for basal body labelling and validated its specificity through triple-label immunofluorescence in different cell lines. The antibody showed strong, specific staining of basal bodies under methanol fixation, enabling clear visualization in combination with rabbit- and mouse-derived antibodies. This antibody expands multiplex imaging capabilities for ciliary substructures, supporting both cilia research and diagnostics of ciliopathies.",Karapetian Eliza | Gerhardt Christoph | Lemanska Natalia | Budnik Monia | Stahl Erik | Füner Jonas | Hirschberg Stefan | Pfirrmann Thorsten,2026-May,BMC molecular and cell biology,Antibody generation | Centrosome | Ciliopathies | Gamma tubulin | Immunofluorescence | Multiplex imaging | Primary cilium | dSTORM microscopy | heart disease | PubMed,heart disease,PubMed,https://pubmed.ncbi.nlm.nih.gov/42210065/,other,2026-06-01 00:07:02.483,"a goat-derived gamma-tubulin antibody for triple-channel imaging of primary cilia. primary cilia are essential sensory organelles, and their dysfunction leads to a broad spectrum of diseases known as ciliopathies. immunofluorescence imaging of ciliary substructures is a key tool in cilia research, but multiplex staining is often limited by the availability of antibodies from different host species. we developed a novel goat-derived gamma tubulin antibody for basal body labelling and validated its specificity through triple-label immunofluorescence in different cell lines. the antibody showed strong, specific staining of basal bodies under methanol fixation, enabling clear visualization in combination with rabbit- and mouse-derived antibodies. this antibody expands multiplex imaging capabilities for ciliary substructures, supporting both cilia research and diagnostics of ciliopathies."
Parafoveal Dark Adaptation in Early and Intermediate Age-Related Macular Degeneration.,"Rod-mediated dark adaptation delays are among the earliest functional abnormalities in age-related macular degeneration (AMD), preceding photoreceptor loss. This study evaluated whether parafoveal fundus-tracked dark adaptometry at 2 degrees detects earlier rod dysfunction than mid-macular loci (4 degrees and 6 degrees) and assessed the diagnostic performance of dynamic and steady-state parameters across eccentricities. In this cross-sectional study, 35 patients with predominantly early/intermediate AMD and 35 healthy volunteers across a broad range of ages underwent fundus-controlled dark adaptometry (S-MAIA-2; iCare/CenterVue) and multimodal imaging. After standardized bleaching, Goldmann III sized (0.43 degrees) cyan stimuli were presented 2 degrees, 4 degrees, and 6 degrees temporal to the fovea. Dark-adaptation curves were modeled to derive rod intercept time (RIT), final (rod) threshold (FT), and cone threshold (CT), each compared with normative data. Diagnostic accuracy was quantified using covariate-adjusted receiver operating characteristic (ROC) analyses, to account for age. Among 70 analyzed eyes, RIT was abnormal in 86% of AMD eyes at 2 degrees, 69% at 4 degrees, and 60% at 6 degrees, whereas FT and CT were less frequently abnormal (29% to 51% and 17% to 26%, respectively). Median RIT at 2 degrees reached 60 minutes in the AMD cohort, indicating absence of rod function within the test duration in many eyes. RIT achieved the highest diagnostic accuracy, with covariate-adjusted area under the curve (AUC) values of 0.91 (95% credible intervals [CrI] = ) at 2 degrees, 0.88 (95% CrI = ) at 4 degrees, and 0.87 (95% CrI = ) at 6 degrees. Fundus-tracked dark adaptometry enables spatially precise assessment of parafoveal rod recovery. Parafoveal RIT prolongation represents the earliest and most frequent functional abnormality in AMD and demonstrates excellent diagnostic performance, supporting its potential as a sensitive functional biomarker for early disease and therapeutic trials.",Ansari Georg | Oertli Jeannine | Mächler Laura | Lipsky Theresa | Jeffrey Brett G | Cukras Catherine A | Feltgen Nicolas | Klaver Caroline C W | Pfau Kristina | Pfau Maximilian,2026-May,Investigative ophthalmology & visual science,"Humans | Dark Adaptation | Macular Degeneration | Female | Cross-Sectional Studies | Fovea Centralis | Aged | Male | Retinal Rod Photoreceptor Cells | ROC Curve | Middle Aged | Aged, 80 and over | eye diseases | PubMed",eye diseases,PubMed,https://pubmed.ncbi.nlm.nih.gov/42212881/,other,2026-06-01 00:07:25.480,"parafoveal dark adaptation in early and intermediate age-related macular degeneration. rod-mediated dark adaptation delays are among the earliest functional abnormalities in age-related macular degeneration (amd), preceding photoreceptor loss. this study evaluated whether parafoveal fundus-tracked dark adaptometry at 2 degrees detects earlier rod dysfunction than mid-macular loci (4 degrees and 6 degrees) and assessed the diagnostic performance of dynamic and steady-state parameters across eccentricities. in this cross-sectional study, 35 patients with predominantly early/intermediate amd and 35 healthy volunteers across a broad range of ages underwent fundus-controlled dark adaptometry (s-maia-2; icare/centervue) and multimodal imaging. after standardized bleaching, goldmann iii sized (0.43 degrees) cyan stimuli were presented 2 degrees, 4 degrees, and 6 degrees temporal to the fovea. dark-adaptation curves were modeled to derive rod intercept time (rit), final (rod) threshold (ft), and cone threshold (ct), each compared with normative data. diagnostic accuracy was quantified using covariate-adjusted receiver operating characteristic (roc) analyses, to account for age. among 70 analyzed eyes, rit was abnormal in 86% of amd eyes at 2 degrees, 69% at 4 degrees, and 60% at 6 degrees, whereas ft and ct were less frequently abnormal (29% to 51% and 17% to 26%, respectively). median rit at 2 degrees reached 60 minutes in the amd cohort, indicating absence of rod function within the test duration in many eyes. rit achieved the highest diagnostic accuracy, with covariate-adjusted area under the curve (auc) values of 0.91 (95% credible intervals [cri] = ) at 2 degrees, 0.88 (95% cri = ) at 4 degrees, and 0.87 (95% cri = ) at 6 degrees. fundus-tracked dark adaptometry enables spatially precise assessment of parafoveal rod recovery. parafoveal rit prolongation represents the earliest and most frequent functional abnormality in amd and demonstrates excellent diagnostic performance, supporting its potential as a sensitive functional biomarker for early disease and therapeutic trials."
"Study of PF-07224826, as a Single Agent or in Combination With Endocrine Therapy in Participants With Breast Cancer and Other Advanced Solid Tumors.","This is a Phase 1, open-label, multicenter, dose escalation and dose expansion study to evaluate the safety, tolerability, pharmacokinetics, pharmacodynamics, and antitumor activity of PF-07224826, as a single agent or in combination with endocrine therapy in participants with advanced solid tumors. This study will be divided into dose escalation/finding (Part 1) and dose expansion (Part 2). In Part 1, participants with locally recurrent/advanced or metastatic Triple Negative Breast Cancer (TNBC), platinum resistant ovarian cancer and other advanced solid tumors will receive PF-07224826 as a single agent. Participants with HR-positive HER2-negative advanced or mBC will receive PF-07224826 in combination with endocrine therapy. In Part 2 (Arm A), PF-07224826 will be evaluated in combination with fulvestrant in HR-positive HER2-negative advanced or mBC participants who have received prior CDK4/6 inhibitor. In Part 2 (Arm B), PF-07224826 will be evaluated in combination with fulvestrant in HR-positive HER2-negative locally advanced or mBC participants whose disease has progressed on prior endocrine therapy and is naïve to CDK4/6 inhibitors.",Pfizer,2024-01-15,Pfizer,Breast Cancer | Ovarian Cancer | Liposarcoma | Non-small Cell Lung Cancer (NSCLC) | Endometrial | Solid Tumors | respiratory diseases | ClinicalTrials,respiratory diseases,ClinicalTrials,https://clinicaltrials.gov/study/NCT05905341,treatment,2026-05-31 23:57:53.327,"study of pf-07224826, as a single agent or in combination with endocrine therapy in participants with breast cancer and other advanced solid tumors. this is a phase 1, open-label, multicenter, dose escalation and dose expansion study to evaluate the safety, tolerability, pharmacokinetics, pharmacodynamics, and antitumor activity of pf-07224826, as a single agent or in combination with endocrine therapy in participants with advanced solid tumors. this study will be divided into dose escalation/finding (part 1) and dose expansion (part 2). in part 1, participants with locally recurrent/advanced or metastatic triple negative breast cancer (tnbc), platinum resistant ovarian cancer and other advanced solid tumors will receive pf-07224826 as a single agent. participants with hr-positive her2-negative advanced or mbc will receive pf-07224826 in combination with endocrine therapy. in part 2 (arm a), pf-07224826 will be evaluated in combination with fulvestrant in hr-positive her2-negative advanced or mbc participants who have received prior cdk4/6 inhibitor. in part 2 (arm b), pf-07224826 will be evaluated in combination with fulvestrant in hr-positive her2-negative locally advanced or mbc participants whose disease has progressed on prior endocrine therapy and is naïve to cdk4/6 inhibitors."
Effects of Transcranial Direct Current Stimulation Associated With Cognitive Training in Alzheimer's Disease,"Alzheimer's disease (AD) is characterized by a progressive decline in cognitive functions, interfering with autonomy and independence. According to the Diagnostic and Statistical Manual of Mental Disorders (DSM 5), mnemonic dysfunction in AD must be related to aphasia, apraxia, agnosia, or changes in executive function. The clinical picture of the disease can be described as mild, moderate and severe. In the mild phase, the patient is disoriented and with difficulties in thinking, in later stages memory lapses become more intense and frequent. The symptoms of apraxia, aphasia and agnosia appear, causing a noticeable impact on the performance of simple daily activities, and neuropsychiatric and behavioral symptoms are expressed. Existing pharmacological treatments for AD treatment are able to minimize the symptoms of the disease, but are not able to promote cure. Therefore, studies have sought to better understand non-pharmacological strategies, aiming at optimizing the benefits of using the drug. Studies have suggested that tDCS promotes significant effects on cognitive processes assessed through cognitive tasks, not only in healthy individuals but also in clinical populations. Cognitive training (TCog) has similarly shown excellent results in the treatment of cognitive deficits due to AD. Thus, the present study aims to investigate when (before, during or after) the tDCS should be applied to potentiate the effects of TCog in people with AD by comparing four protocols of application of neurostimulation associated with TCog.",Suellen Andrade | Gabriella Conserva,2019-11-25,Federal University of Paraíba,Alzheimer Disease | alzheimer | ClinicalTrials,alzheimer,ClinicalTrials,https://clinicaltrials.gov/study/NCT04220593,treatment,2026-05-31 23:57:22.731,"effects of transcranial direct current stimulation associated with cognitive training in alzheimer's disease alzheimer's disease (ad) is characterized by a progressive decline in cognitive functions, interfering with autonomy and independence. according to the diagnostic and statistical manual of mental disorders (dsm 5), mnemonic dysfunction in ad must be related to aphasia, apraxia, agnosia, or changes in executive function. the clinical picture of the disease can be described as mild, moderate and severe. in the mild phase, the patient is disoriented and with difficulties in thinking, in later stages memory lapses become more intense and frequent. the symptoms of apraxia, aphasia and agnosia appear, causing a noticeable impact on the performance of simple daily activities, and neuropsychiatric and behavioral symptoms are expressed. existing pharmacological treatments for ad treatment are able to minimize the symptoms of the disease, but are not able to promote cure. therefore, studies have sought to better understand non-pharmacological strategies, aiming at optimizing the benefits of using the drug. studies have suggested that tdcs promotes significant effects on cognitive processes assessed through cognitive tasks, not only in healthy individuals but also in clinical populations. cognitive training (tcog) has similarly shown excellent results in the treatment of cognitive deficits due to ad. thus, the present study aims to investigate when (before, during or after) the tdcs should be applied to potentiate the effects of tcog in people with ad by comparing four protocols of application of neurostimulation associated with tcog."
Transcriptional and chromatin dynamics in macrophage differentiation and activation.,"The differentiation and functional responses of macrophages are shaped by developmental origin, tissue environment, and local inflammatory cues. These signals converge on transcriptional and chromatin-based regulatory mechanisms that establish macrophage identity and enable rapid adaptation to changing local contexts. Lineage-determining transcription factors drive cellular identity by laying out a cell-specific enhancer landscape, whereas signal-dependent transcription factors control local specialization and responses to microbial products and cytokines. Chromatin organization is critical in establishing the plasticity and memory that macrophages show. Chromatin-modifying enzymes are essential regulators of the dynamic programs that control macrophages by erasing, writing, and reading epigenetic marks underlying the cellular programs. In this Review, we highlight recent advances in our understanding of the transcriptional and chromatin dynamics governing macrophage differentiation, specialization, and activation and discuss their roles in health and disease.",Hoeksema Marten A | Neele Annette E | Prange Koen H M | Glass Christopher K | de Winther Menno P J,2026-May,Science immunology,"Animals | Humans | Cell Differentiation | Macrophages | Chromatin | Macrophage Activation | Transcription, Genetic | Transcription Factors | Epigenesis, Genetic | infectious diseases | PubMed",infectious diseases,PubMed,https://pubmed.ncbi.nlm.nih.gov/42213859/,research,2026-06-01 00:07:43.342,"transcriptional and chromatin dynamics in macrophage differentiation and activation. the differentiation and functional responses of macrophages are shaped by developmental origin, tissue environment, and local inflammatory cues. these signals converge on transcriptional and chromatin-based regulatory mechanisms that establish macrophage identity and enable rapid adaptation to changing local contexts. lineage-determining transcription factors drive cellular identity by laying out a cell-specific enhancer landscape, whereas signal-dependent transcription factors control local specialization and responses to microbial products and cytokines. chromatin organization is critical in establishing the plasticity and memory that macrophages show. chromatin-modifying enzymes are essential regulators of the dynamic programs that control macrophages by erasing, writing, and reading epigenetic marks underlying the cellular programs. in this review, we highlight recent advances in our understanding of the transcriptional and chromatin dynamics governing macrophage differentiation, specialization, and activation and discuss their roles in health and disease."
Longitudinal study of heart disease in a Jamaican rural population,Longitudinal study of heart disease in a Jamaican rural population,"Miall, W. E. | Del Campo, E. | Fodor, J. | Rhode, J. R. Nava | Ruiz, L. | Standard, K. L. | Swan, A. V.",1972-12-31,WHO,Articles | heart disease | WHO,heart disease,WHO,https://iris.who.int/handle/10665/263548,other,2026-06-01 00:05:27.892,longitudinal study of heart disease in a jamaican rural population longitudinal study of heart disease in a jamaican rural population
Leeches for the Treatment of Knee Osteoarthritis,"Previous studies have not addressed the question, whether or not a repeated leeching can supply symptomatic relief of osteoarthritic pain for extended periods of time. We present a randomized study to the effectiveness of single and repeated leech therapy in cases with advanced osteoarthritis of the knee using a large patient group compared to a control group, who were both blinded to the actual treatment modality.",RWTH Aachen University,2004-02,RWTH Aachen University,Osteoarthritis | Arthralgia | neurological diseases | ClinicalTrials,neurological diseases,ClinicalTrials,https://clinicaltrials.gov/study/NCT00435773,treatment,2026-05-31 23:57:44.260,"leeches for the treatment of knee osteoarthritis previous studies have not addressed the question, whether or not a repeated leeching can supply symptomatic relief of osteoarthritic pain for extended periods of time. we present a randomized study to the effectiveness of single and repeated leech therapy in cases with advanced osteoarthritis of the knee using a large patient group compared to a control group, who were both blinded to the actual treatment modality."
Vertebral osteomyelitis caused by Chaetomium Globosum in a young adult: A case report and literature review.,"Chaetomium globosum (C. globosum) is a saprophytic fungus widely distributed in nature, characterized by low clinical pathogenicity but capable of causing severe infections, particularly in immunocompromised hosts or under conducive environmental conditions. Spinal infections attributable to C. globosum are exceedingly rare and often present diagnostic dilemmas due to atypical presentations. This case underscores the importance of considering fungal etiologies in spinal pathologies. Furthermore, the strain mentioned in this study has been appropriately preserved and is available for further research. Researchers interested in investigating the mechanisms underlying its enhanced invasiveness compared to other strains are encouraged to contact the corresponding author. A 24-year-old male was admitted with a chief complaint of persistent low back pain lasting for 2 weeks, without significant relief from initial conservative measures, without immune-related diseases or other comorbidities. Routine fluid analyses showed no indicators of infection; however, magnetic resonance imaging (MRI) demonstrated cystic lesions localized to the L3 vertebra, raising suspicion for a spinal infectious process. Definitive diagnosis was achieved through tissue culture, which identified C. globosum as the causative pathogen. Initial management employed a dual-therapy approach combining agents aimed at enhancing circulation with conventional analgesics and antiinflammatory drugs. Upon microbiological confirmation, targeted antifungal therapy with itraconazole was initiated. The patient exhibited progressive clinical improvement, marked by substantial pain reduction during hospitalization, and attained stable recovery with resolution of symptoms by the time of discharge. This case highlights a rare spinal C. globosum infection in an immunocompetent adult and underscores the importance of considering fungal pathogens in the differential diagnosis of unexplained spinal lesions. Early tissue biopsy with histopathological and molecular analysis is essential for definitive diagnosis and guiding appropriate antifungal therapy.",Liang Ruliang | Peng Ming | Huang Jianying | Wang Weiqun | Fang Ziwen | Bao Guixian | Chen Yaoxin | Yang Rongqiang | Zhou Zehong | Liu Liting | Lu Danqian,2026-May,Medicine,chaetomium | mycoses | opportunistic Infections | spondylitis | infectious diseases | PubMed,infectious diseases,PubMed,https://pubmed.ncbi.nlm.nih.gov/42216378/,diagnostic,2026-06-01 00:07:41.782,"vertebral osteomyelitis caused by chaetomium globosum in a young adult: a case report and literature review. chaetomium globosum (c. globosum) is a saprophytic fungus widely distributed in nature, characterized by low clinical pathogenicity but capable of causing severe infections, particularly in immunocompromised hosts or under conducive environmental conditions. spinal infections attributable to c. globosum are exceedingly rare and often present diagnostic dilemmas due to atypical presentations. this case underscores the importance of considering fungal etiologies in spinal pathologies. furthermore, the strain mentioned in this study has been appropriately preserved and is available for further research. researchers interested in investigating the mechanisms underlying its enhanced invasiveness compared to other strains are encouraged to contact the corresponding author. a 24-year-old male was admitted with a chief complaint of persistent low back pain lasting for 2 weeks, without significant relief from initial conservative measures, without immune-related diseases or other comorbidities. routine fluid analyses showed no indicators of infection; however, magnetic resonance imaging (mri) demonstrated cystic lesions localized to the l3 vertebra, raising suspicion for a spinal infectious process. definitive diagnosis was achieved through tissue culture, which identified c. globosum as the causative pathogen. initial management employed a dual-therapy approach combining agents aimed at enhancing circulation with conventional analgesics and antiinflammatory drugs. upon microbiological confirmation, targeted antifungal therapy with itraconazole was initiated. the patient exhibited progressive clinical improvement, marked by substantial pain reduction during hospitalization, and attained stable recovery with resolution of symptoms by the time of discharge. this case highlights a rare spinal c. globosum infection in an immunocompetent adult and underscores the importance of considering fungal pathogens in the differential diagnosis of unexplained spinal lesions. early tissue biopsy with histopathological and molecular analysis is essential for definitive diagnosis and guiding appropriate antifungal therapy."
Product Reformulation in Response to the 2016 FDA Updated Nutrition Facts Label.,"In 2016, the Nutrition Facts label was updated to emphasize calories and report added sugars, potentially encouraging manufacturers to improve the nutritional profiles of packaged foods. However, changes in nutritional profiles after adoption of revised Nutrition Facts labels have not been evaluated. To examine, by food group, whether adoption of the revised Nutrition Facts label was associated with changes in nutrient content or serving size among packaged foods. This cohort study used a staggered difference-in-differences analysis to compare changes in the nutritional profiles of packaged foods between brands that adopted the revised Nutrition Facts label earlier and those that adopted it later. Products belonging to 1 of 15 mutually exclusive food groups likely to be affected by the label change (eg, bread, candy, and sugar-sweetened drinks) and sold at a large northeastern supermarket chain of 185 stores between January 2016 and December 2019 were included. Data were analyzed between July 2025 and March 2026. Adoption of the revised Nutrition Facts label between August 2016 and December 2019. Primary outcomes included changes in serving size and in number of calories and total sugar per serving. Secondary outcomes included calorie density (calories per 100 g or 100 mL) and total sugar density (grams of total sugar per 100 g or 100 mL). Exploratory outcomes included other nutrients not directly targeted by the label changes. The sample included 12 097 products available both before and after their brands adopted the updated label. Among these products, no evidence of substantive reformulation of packaged foods in response to label adoption was found across the primary and secondary outcomes. For example, the largest significant change in calorie density was a decrease of 8.3 (95% CI, -16.4 to -0.1) calories per 100 g among nut products; in most food groups, no changes occurred across the primary outcomes. Additionally, there were few differences between the nutritional profiles of products introduced before (n = 4570) and after (n = 4806) label adoption and between products discontinued before (n = 3510) and after (n = 5852) label adoption. This cohort study found that changes to the Nutrition Facts label did not meaningfully alter the nutritional profiles of packaged foods. Stronger interventions, such as front-of-package labels, are warranted to encourage reformulation of packaged foods by the food industry and improve the nutritional quality of packaged foods purchased in the US.",Hatton C Ross | Petimar Joshua | Zhang Yutong | Collis Caroline E | Hou Tao | Ross Alexandra | Polacsek Michele | Grummon Anna H | Rimm Eric B | Block Jason P,2026-May,JAMA health forum,"Food Labeling | United States | Humans | Nutritive Value | Food, Processed | United States Food and Drug Administration | Serving Size | Cohort Studies | Food Packaging | diabetes | PubMed",diabetes,PubMed,https://pubmed.ncbi.nlm.nih.gov/42213448/,treatment,2026-06-01 00:06:48.667,"product reformulation in response to the 2016 fda updated nutrition facts label. in 2016, the nutrition facts label was updated to emphasize calories and report added sugars, potentially encouraging manufacturers to improve the nutritional profiles of packaged foods. however, changes in nutritional profiles after adoption of revised nutrition facts labels have not been evaluated. to examine, by food group, whether adoption of the revised nutrition facts label was associated with changes in nutrient content or serving size among packaged foods. this cohort study used a staggered difference-in-differences analysis to compare changes in the nutritional profiles of packaged foods between brands that adopted the revised nutrition facts label earlier and those that adopted it later. products belonging to 1 of 15 mutually exclusive food groups likely to be affected by the label change (eg, bread, candy, and sugar-sweetened drinks) and sold at a large northeastern supermarket chain of 185 stores between january 2016 and december 2019 were included. data were analyzed between july 2025 and march 2026. adoption of the revised nutrition facts label between august 2016 and december 2019. primary outcomes included changes in serving size and in number of calories and total sugar per serving. secondary outcomes included calorie density (calories per 100 g or 100 ml) and total sugar density (grams of total sugar per 100 g or 100 ml). exploratory outcomes included other nutrients not directly targeted by the label changes. the sample included 12 097 products available both before and after their brands adopted the updated label. among these products, no evidence of substantive reformulation of packaged foods in response to label adoption was found across the primary and secondary outcomes. for example, the largest significant change in calorie density was a decrease of 8.3 (95% ci, -16.4 to -0.1) calories per 100 g among nut products; in most food groups, no changes occurred across the primary outcomes. additionally, there were few differences between the nutritional profiles of products introduced before (n = 4570) and after (n = 4806) label adoption and between products discontinued before (n = 3510) and after (n = 5852) label adoption. this cohort study found that changes to the nutrition facts label did not meaningfully alter the nutritional profiles of packaged foods. stronger interventions, such as front-of-package labels, are warranted to encourage reformulation of packaged foods by the food industry and improve the nutritional quality of packaged foods purchased in the us."
Natural products as sources of new drugs over the 30 years from 1981 to 2010.,"This review is an updated and expanded version of the three prior reviews that were published in this journal in 1997, 2003, and 2007. In the case of all approved therapeutic agents, the time frame has been extended to cover the 30 years from January 1, 1981, to December 31, 2010, for all diseases worldwide, and from 1950 (earliest so far identified) to December 2010 for all approved antitumor drugs worldwide. We have continued to utilize our secondary subdivision of a ""natural product mimic"" or ""NM"" to join the original primary divisions and have added a new designation, ""natural product botanical"" or ""NB"", to cover those botanical ""defined mixtures"" that have now been recognized as drug entities by the FDA and similar organizations. From the data presented, the utility of natural products as sources of novel structures, but not necessarily the final drug entity, is still alive and well. Thus, in the area of cancer, over the time frame from around the 1940s to date, of the 175 small molecules, 131, or 74.8%, are other than ""S"" (synthetic), with 85, or 48.6%, actually being either natural products or directly derived therefrom. In other areas, the influence of natural product structures is quite marked, with, as expected from prior information, the anti-infective area being dependent on natural products and their structures. Although combinatorial chemistry techniques have succeeded as methods of optimizing structures and have been used very successfully in the optimization of many recently approved agents, we are able to identify only one de novo combinatorial compound approved as a drug in this 30-year time frame. We wish to draw the attention of readers to the rapidly evolving recognition that a significant number of natural product drugs/leads are actually produced by microbes and/or microbial interactions with the ""host from whence it was isolated"", and therefore we consider that this area of natural product research should be expanded significantly.",David J Newman | Gordon M Cragg,2012-02-08,Unknown,alzheimer | Europe PMC,alzheimer,Europe PMC,https://pubmed.ncbi.nlm.nih.gov/22316239/,treatment,2026-06-01 00:00:31.432,"natural products as sources of new drugs over the 30 years from 1981 to 2010. this review is an updated and expanded version of the three prior reviews that were published in this journal in 1997, 2003, and 2007. in the case of all approved therapeutic agents, the time frame has been extended to cover the 30 years from january 1, 1981, to december 31, 2010, for all diseases worldwide, and from 1950 (earliest so far identified) to december 2010 for all approved antitumor drugs worldwide. we have continued to utilize our secondary subdivision of a ""natural product mimic"" or ""nm"" to join the original primary divisions and have added a new designation, ""natural product botanical"" or ""nb"", to cover those botanical ""defined mixtures"" that have now been recognized as drug entities by the fda and similar organizations. from the data presented, the utility of natural products as sources of novel structures, but not necessarily the final drug entity, is still alive and well. thus, in the area of cancer, over the time frame from around the 1940s to date, of the 175 small molecules, 131, or 74.8%, are other than ""s"" (synthetic), with 85, or 48.6%, actually being either natural products or directly derived therefrom. in other areas, the influence of natural product structures is quite marked, with, as expected from prior information, the anti-infective area being dependent on natural products and their structures. although combinatorial chemistry techniques have succeeded as methods of optimizing structures and have been used very successfully in the optimization of many recently approved agents, we are able to identify only one de novo combinatorial compound approved as a drug in this 30-year time frame. we wish to draw the attention of readers to the rapidly evolving recognition that a significant number of natural product drugs/leads are actually produced by microbes and/or microbial interactions with the ""host from whence it was isolated"", and therefore we consider that this area of natural product research should be expanded significantly."
Evolution and ecology of influenza A viruses.,"In this review we examine the hypothesis that aquatic birds are the primordial source of all influenza viruses in other species and study the ecological features that permit the perpetuation of influenza viruses in aquatic avian species. Phylogenetic analysis of the nucleotide sequence of influenza A virus RNA segments coding for the spike proteins (HA, NA, and M2) and the internal proteins (PB2, PB1, PA, NP, M, and NS) from a wide range of hosts, geographical regions, and influenza A virus subtypes support the following conclusions. (i) Two partly overlapping reservoirs of influenza A viruses exist in migrating waterfowl and shorebirds throughout the world. These species harbor influenza viruses of all the known HA and NA subtypes. (ii) Influenza viruses have evolved into a number of host-specific lineages that are exemplified by the NP gene and include equine Prague/56, recent equine strains, classical swine and human strains, H13 gull strains, and all other avian strains. Other genes show similar patterns, but with extensive evidence of genetic reassortment. Geographical as well as host-specific lineages are evident. (iii) All of the influenza A viruses of mammalian sources originated from the avian gene pool, and it is possible that influenza B viruses also arose from the same source. (iv) The different virus lineages are predominantly host specific, but there are periodic exchanges of influenza virus genes or whole viruses between species, giving rise to pandemics of disease in humans, lower animals, and birds. (v) The influenza viruses currently circulating in humans and pigs in North America originated by transmission of all genes from the avian reservoir prior to the 1918 Spanish influenza pandemic; some of the genes have subsequently been replaced by others from the influenza gene pool in birds. (vi) The influenza virus gene pool in aquatic birds of the world is probably perpetuated by low-level transmission within that species throughout the year. (vii) There is evidence that most new human pandemic strains and variants have originated in southern China. (viii) There is speculation that pigs may serve as the intermediate host in genetic exchange between influenza viruses in avian and humans, but experimental evidence is lacking. (ix) Once the ecological properties of influenza viruses are understood, it may be possible to interdict the introduction of new influenza viruses into humans.",R G Webster | W J Bean | O T Gorman | T M Chambers | Y Kawaoka,1992-03-01,Unknown,eye diseases | Europe PMC,eye diseases,Europe PMC,https://pubmed.ncbi.nlm.nih.gov/1579108/,research,2026-06-01 00:01:44.051,"evolution and ecology of influenza a viruses. in this review we examine the hypothesis that aquatic birds are the primordial source of all influenza viruses in other species and study the ecological features that permit the perpetuation of influenza viruses in aquatic avian species. phylogenetic analysis of the nucleotide sequence of influenza a virus rna segments coding for the spike proteins (ha, na, and m2) and the internal proteins (pb2, pb1, pa, np, m, and ns) from a wide range of hosts, geographical regions, and influenza a virus subtypes support the following conclusions. (i) two partly overlapping reservoirs of influenza a viruses exist in migrating waterfowl and shorebirds throughout the world. these species harbor influenza viruses of all the known ha and na subtypes. (ii) influenza viruses have evolved into a number of host-specific lineages that are exemplified by the np gene and include equine prague/56, recent equine strains, classical swine and human strains, h13 gull strains, and all other avian strains. other genes show similar patterns, but with extensive evidence of genetic reassortment. geographical as well as host-specific lineages are evident. (iii) all of the influenza a viruses of mammalian sources originated from the avian gene pool, and it is possible that influenza b viruses also arose from the same source. (iv) the different virus lineages are predominantly host specific, but there are periodic exchanges of influenza virus genes or whole viruses between species, giving rise to pandemics of disease in humans, lower animals, and birds. (v) the influenza viruses currently circulating in humans and pigs in north america originated by transmission of all genes from the avian reservoir prior to the 1918 spanish influenza pandemic; some of the genes have subsequently been replaced by others from the influenza gene pool in birds. (vi) the influenza virus gene pool in aquatic birds of the world is probably perpetuated by low-level transmission within that species throughout the year. (vii) there is evidence that most new human pandemic strains and variants have originated in southern china. (viii) there is speculation that pigs may serve as the intermediate host in genetic exchange between influenza viruses in avian and humans, but experimental evidence is lacking. (ix) once the ecological properties of influenza viruses are understood, it may be possible to interdict the introduction of new influenza viruses into humans."
Report of the 2030 targets on effective coverage of eye care,"x, 34 p.",World Health Organization,2022-09-26,World Health Organization,eye diseases | WHO,eye diseases,WHO,https://iris.who.int/handle/10665/363158,other,2026-06-01 00:05:43.570,"report of the 2030 targets on effective coverage of eye care x, 34 p."
Neurofibromatosis,"Neurofibromatosis is a genetic disorder of the nervous system. It mainly affects how nerve cells form and grow. It causes tumors to grow on nerves. You can get neurofibromatosis from your parents, or it can happen because of a mutation (change) in your genes. Once you have it, you can pass it along to your children. Usually the tumors are benign, but sometimes they can become cancerous. There are three types of neurofibromatosis: Type 1 (NF1) causes skin changes and deformed bones. It usually starts in childhood. Sometimes the symptoms are present at birth. Type 2 (NF2) causes hearing loss, ringing in the ears, and poor balance. Symptoms often start in the teen years. Schwannomatosis causes intense pain. It is the rarest type. Doctors diagnose the different types based on the symptoms. Genetic testing is also used to diagnose NF1 and NF2. There is no cure. Treatment can help control symptoms. Depending on the type of disease and how serious it is, treatment may include surgery to remove tumors, radiation therapy, and medicines. NIH: National Institute of Neurological Disorders and Stroke",MedlinePlus Editorial Team,2026-06-01,MedlinePlus,Neurofibromatoses | neurological diseases | MedlinePlus,neurological diseases,MedlinePlus,https://medlineplus.gov/neurofibromatosis.html,treatment,2026-06-01 00:04:01.225,"neurofibromatosis neurofibromatosis is a genetic disorder of the nervous system. it mainly affects how nerve cells form and grow. it causes tumors to grow on nerves. you can get neurofibromatosis from your parents, or it can happen because of a mutation (change) in your genes. once you have it, you can pass it along to your children. usually the tumors are benign, but sometimes they can become cancerous. there are three types of neurofibromatosis: type 1 (nf1) causes skin changes and deformed bones. it usually starts in childhood. sometimes the symptoms are present at birth. type 2 (nf2) causes hearing loss, ringing in the ears, and poor balance. symptoms often start in the teen years. schwannomatosis causes intense pain. it is the rarest type. doctors diagnose the different types based on the symptoms. genetic testing is also used to diagnose nf1 and nf2. there is no cure. treatment can help control symptoms. depending on the type of disease and how serious it is, treatment may include surgery to remove tumors, radiation therapy, and medicines. nih: national institute of neurological disorders and stroke"
Metabolic interactions of host-gut microbiota: Shaping the future of precision diagnosis and therapeutic discovery in gastrointestinal cancers.,"This collection of reviews and research articles highlights the diagnostic and therapeutic potential of gut microbial metabolites across various gastrointestinal cancers, including but not limited to hepatobiliary and pancreatic cancers, gastric cancer, and cholangiocarcinoma. Numerous gut microbial metabolites have been observed to mechanistically regulate cancer cell proliferation and development, supporting their utility as molecular biomarkers for clinical diagnosis and as targets for precision interventions. However, most functional metabolites derived from both host cancer tissues and the gut microbiota remain structurally unidentified; their functional features are largely unexplored due to limitations in conventional measurement technologies. To address these challenges, we propose a transformative functional metabolomics approach-S",Zhang Jiaxin | Liu Jingjing | Tian Yuan | Jia Wei | Zhang Ge | Lyu Aiping | Lyu Haitao,2026-May,Pharmacological research,Gastrointestinal Cancers | Gut Microbiota | Microbial Metabolites | Precision Diagnosis and Therapy | S(2)M(2)ART | cancer | PubMed,cancer,PubMed,https://pubmed.ncbi.nlm.nih.gov/42217591/,other,2026-06-01 00:06:32.176,"metabolic interactions of host-gut microbiota: shaping the future of precision diagnosis and therapeutic discovery in gastrointestinal cancers. this collection of reviews and research articles highlights the diagnostic and therapeutic potential of gut microbial metabolites across various gastrointestinal cancers, including but not limited to hepatobiliary and pancreatic cancers, gastric cancer, and cholangiocarcinoma. numerous gut microbial metabolites have been observed to mechanistically regulate cancer cell proliferation and development, supporting their utility as molecular biomarkers for clinical diagnosis and as targets for precision interventions. however, most functional metabolites derived from both host cancer tissues and the gut microbiota remain structurally unidentified; their functional features are largely unexplored due to limitations in conventional measurement technologies. to address these challenges, we propose a transformative functional metabolomics approach-s"
Single Dose Trial of Extended Release Combination Tablet Codeine and Guaifenesin,The objectives of this study are (a) to determine if drug levels from a single dose of an extended-release Codeine/Guaifenesin tablet are similar to an immediate-release tablet given every four hours containing lower doses considered safe for over-the-counter use; (b) to evaluate if food affects the drug levels of this extended-release Codeine/Guaifenesin tablet after a single administration; and (c) to assess the safety and tolerability of the Codeine/Guaifenesin extended-release and immediate release tablet formulations.,"Nexgen Pharma, Inc",2014-06,"Nexgen Pharma, Inc",Cough | respiratory diseases | ClinicalTrials,respiratory diseases,ClinicalTrials,https://clinicaltrials.gov/study/NCT02157649,treatment,2026-05-31 23:57:51.723,single dose trial of extended release combination tablet codeine and guaifenesin the objectives of this study are (a) to determine if drug levels from a single dose of an extended-release codeine/guaifenesin tablet are similar to an immediate-release tablet given every four hours containing lower doses considered safe for over-the-counter use; (b) to evaluate if food affects the drug levels of this extended-release codeine/guaifenesin tablet after a single administration; and (c) to assess the safety and tolerability of the codeine/guaifenesin extended-release and immediate release tablet formulations.
The Cochrane Collaboration's tool for assessing risk of bias in randomised trials.,The Cochrane Collaboration's tool for assessing risk of bias in randomised trials.,Julian P T Higgins | Douglas G Altman | Peter C Gøtzsche | Peter Jüni | David Moher | Andrew D Oxman | Jelena Savovic | Kenneth F Schulz | Laura Weeks | Jonathan A C Sterne,2011-10-18,Unknown,cancer | Europe PMC,cancer,Europe PMC,https://pubmed.ncbi.nlm.nih.gov/22008217/,other,2026-06-01 00:00:08.317,the cochrane collaboration's tool for assessing risk of bias in randomised trials. the cochrane collaboration's tool for assessing risk of bias in randomised trials.
Use of Ranibizumab With Mitomycin C During Trabeculectomy,The purpose of the study is to study the safety of the combination of ranibizumab and MMC vs monotherapy MMC vs intravitreal ranibizumab injection in patients with glaucoma.,"University of Colorado, Denver",2008-04,"University of Colorado, Denver",Glaucoma | eye diseases | ClinicalTrials,eye diseases,ClinicalTrials,https://clinicaltrials.gov/study/NCT00661583,treatment,2026-05-31 23:58:01.670,use of ranibizumab with mitomycin c during trabeculectomy the purpose of the study is to study the safety of the combination of ranibizumab and mmc vs monotherapy mmc vs intravitreal ranibizumab injection in patients with glaucoma.
Gene dose of apolipoprotein E type 4 allele and the risk of Alzheimer's disease in late onset families.,"The apolipoprotein E type 4 allele (APOE-epsilon 4) is genetically associated with the common late onset familial and sporadic forms of Alzheimer's disease (AD). Risk for AD increased from 20% to 90% and mean age at onset decreased from 84 to 68 years with increasing number of APOE-epsilon 4 alleles in 42 families with late onset AD. Thus APOE-epsilon 4 gene dose is a major risk factor for late onset AD and, in these families, homozygosity for APOE-epsilon 4 was virtually sufficient to cause AD by age 80.",E H Corder | A M Saunders | W J Strittmatter | D E Schmechel | P C Gaskell | G W Small | A D Roses | J L Haines | M A Pericak-Vance,1993-08-01,Unknown,alzheimer | Europe PMC,alzheimer,Europe PMC,https://pubmed.ncbi.nlm.nih.gov/8346443/,treatment,2026-06-01 00:00:31.050,"gene dose of apolipoprotein e type 4 allele and the risk of alzheimer's disease in late onset families. the apolipoprotein e type 4 allele (apoe-epsilon 4) is genetically associated with the common late onset familial and sporadic forms of alzheimer's disease (ad). risk for ad increased from 20% to 90% and mean age at onset decreased from 84 to 68 years with increasing number of apoe-epsilon 4 alleles in 42 families with late onset ad. thus apoe-epsilon 4 gene dose is a major risk factor for late onset ad and, in these families, homozygosity for apoe-epsilon 4 was virtually sufficient to cause ad by age 80."
A Study of Solanezumab (LY2062430) in Participants With Prodromal Alzheimer's Disease,The main purpose of this study is to investigate the safety and efficacy of the study drug solanezumab in participants with prodromal Alzheimer's disease (AD).,Eli Lilly and Company,2016-06,Eli Lilly and Company,Alzheimer's Disease | alzheimer | ClinicalTrials,alzheimer,ClinicalTrials,https://clinicaltrials.gov/study/NCT02760602,treatment,2026-05-31 23:57:25.261,a study of solanezumab (ly2062430) in participants with prodromal alzheimer's disease the main purpose of this study is to investigate the safety and efficacy of the study drug solanezumab in participants with prodromal alzheimer's disease (ad).
Making health research work for poor people : progress : seventeenth programme report / Tropical Disease Research,TDR/GEN/05.1,UNICEF/UNDP/World Bank/WHO Special Programme for Research and Training in Tropical Diseases,2005-12-31,World Health Organization,autoimmune diseases | WHO,autoimmune diseases,WHO,https://iris.who.int/handle/10665/69139,other,2026-06-01 00:05:58.691,making health research work for poor people : progress : seventeenth programme report / tropical disease research tdr/gen/05.1
Guidance for clinical case management of thrombosis with thrombocytopenia syndrome (TTS) following vaccination to prevent coronavirus disease (COVID-19): web annex B: treatment options for patients diagnosed with TTS following COVID-19 vaccination: evidence-to-decision tables,24 p.,World Health Organization,2023-03-24,World Health Organization,autoimmune diseases | WHO,autoimmune diseases,WHO,https://iris.who.int/handle/10665/366581,prevention,2026-06-01 00:05:58.740,guidance for clinical case management of thrombosis with thrombocytopenia syndrome (tts) following vaccination to prevent coronavirus disease (covid-19): web annex b: treatment options for patients diagnosed with tts following covid-19 vaccination: evidence-to-decision tables 24 p.
Gold nanoparticles in chemical and biological sensing.,Gold nanoparticles in chemical and biological sensing.,Krishnendu Saha | Sarit S Agasti | Chaekyu Kim | Xiaoning Li | Vincent M Rotello,2012-02-02,Unknown,digestive diseases | Europe PMC,digestive diseases,Europe PMC,https://pubmed.ncbi.nlm.nih.gov/22295941/,other,2026-06-01 00:02:05.010,gold nanoparticles in chemical and biological sensing. gold nanoparticles in chemical and biological sensing.
Traditional eye medicines in Sri Lanka [letter],Traditional eye medicines in Sri Lanka [letter],"Arseculeratne, S. N.",1995-12-31,WHO,eye diseases | WHO,eye diseases,WHO,https://iris.who.int/handle/10665/48815,other,2026-06-01 00:05:43.562,traditional eye medicines in sri lanka [letter] traditional eye medicines in sri lanka [letter]
Research hotspots and emerging trends in the regulation of endoplasmic reticulum stress by traditional Chinese medicine: A bibliometric analysis perspective.,"Endoplasmic reticulum stress is a critical mechanism in the regulation of cellular homeostasis and plays a significant role in the pathophysiological processes of numerous diseases. This study sought to systematically analyze the research landscape of traditional Chinese medicine (TCM) regulation of endoplasmic reticulum stress from 2000 to mid-2024 using bibliometric methods, revealing trends, hotspots, and future directions to guide researchers. We retrieved relevant literature from the Web of Science Core Collection database from January 1, 2000, to June 30, 2024. Bibliometric analysis was performed using CiteSpace and VOSviewer, including assessments of annual publication trends, national/regional and institutional collaboration networks, author collaborations, co-citation analysis, keyword co-occurrence, and clustering analysis, as well as journal and reference analyses. The findings reveal that since 2007, research on the regulation of endoplasmic reticulum stress by TCM has gradually gained momentum, exhibiting a fluctuating growth pattern. China has led this area of research, with notable contributions from the Nanjing University of Chinese Medicine, China Medical University Taiwan, and Beijing University of Chinese Medicine. The focus of research includes mechanisms such as apoptosis, oxidative stress, autophagy, and nuclear factor kappa-B signaling pathways, along with treatment applications in cancer, metabolic diseases, and neurodegenerative conditions. Journals, such as the Journal of Ethnopharmacology have become significant academic platforms in this field. Potential future research themes may include the application of TCM in infectious diseases, mechanistic studies on liver injury, further exploration of metabolic regulation, interactions between endoplasmic reticulum stress and other signaling pathways, and multitarget regulatory mechanisms of TCM components. This study provides a comprehensive bibliometric analysis of TCM's role in regulating endoplasmic reticulum stress, outlining research advancements, and future directions. It offers fresh insights and a practical groundwork for incorporating TCM into contemporary medical practice, making it a significant resource for guiding future research.",Qian Jiahua | Yang Weijie | Wang Shiqiang | Xue Honghao | Wu Chaomin,2026-May,Medicine,CiteSpace | VOSviewer | bibliometric analysis | endoplasmic reticulum stress | hotspot analysis | traditional Chinese medicine | respiratory diseases | PubMed,respiratory diseases,PubMed,https://pubmed.ncbi.nlm.nih.gov/42216397/,research,2026-06-01 00:07:16.711,"research hotspots and emerging trends in the regulation of endoplasmic reticulum stress by traditional chinese medicine: a bibliometric analysis perspective. endoplasmic reticulum stress is a critical mechanism in the regulation of cellular homeostasis and plays a significant role in the pathophysiological processes of numerous diseases. this study sought to systematically analyze the research landscape of traditional chinese medicine (tcm) regulation of endoplasmic reticulum stress from 2000 to mid-2024 using bibliometric methods, revealing trends, hotspots, and future directions to guide researchers. we retrieved relevant literature from the web of science core collection database from january 1, 2000, to june 30, 2024. bibliometric analysis was performed using citespace and vosviewer, including assessments of annual publication trends, national/regional and institutional collaboration networks, author collaborations, co-citation analysis, keyword co-occurrence, and clustering analysis, as well as journal and reference analyses. the findings reveal that since 2007, research on the regulation of endoplasmic reticulum stress by tcm has gradually gained momentum, exhibiting a fluctuating growth pattern. china has led this area of research, with notable contributions from the nanjing university of chinese medicine, china medical university taiwan, and beijing university of chinese medicine. the focus of research includes mechanisms such as apoptosis, oxidative stress, autophagy, and nuclear factor kappa-b signaling pathways, along with treatment applications in cancer, metabolic diseases, and neurodegenerative conditions. journals, such as the journal of ethnopharmacology have become significant academic platforms in this field. potential future research themes may include the application of tcm in infectious diseases, mechanistic studies on liver injury, further exploration of metabolic regulation, interactions between endoplasmic reticulum stress and other signaling pathways, and multitarget regulatory mechanisms of tcm components. this study provides a comprehensive bibliometric analysis of tcm's role in regulating endoplasmic reticulum stress, outlining research advancements, and future directions. it offers fresh insights and a practical groundwork for incorporating tcm into contemporary medical practice, making it a significant resource for guiding future research."
"Physical distancing, face masks, and eye protection to prevent person-to-person transmission of SARS-CoV-2 and COVID-19: a systematic review and meta-analysis.","Background Severe acute respiratory syndrome coronavirus 2 (SARS-CoV-2) causes COVID-19 and is spread person-to-person through close contact. We aimed to investigate the effects of physical distance, face masks, and eye protection on virus transmission in health-care and non-health-care (eg, community) settings. Methods We did a systematic review and meta-analysis to investigate the optimum distance for avoiding person-to-person virus transmission and to assess the use of face masks and eye protection to prevent transmission of viruses. We obtained data for SARS-CoV-2 and the betacoronaviruses that cause severe acute respiratory syndrome, and Middle East respiratory syndrome from 21 standard WHO-specific and COVID-19-specific sources. We searched these data sources from database inception to May 3, 2020, with no restriction by language, for comparative studies and for contextual factors of acceptability, feasibility, resource use, and equity. We screened records, extracted data, and assessed risk of bias in duplicate. We did frequentist and Bayesian meta-analyses and random-effects meta-regressions. We rated the certainty of evidence according to Cochrane methods and the GRADE approach. This study is registered with PROSPERO, CRD . Findings Our search identified 172 observational studies across 16 countries and six continents, with no randomised controlled trials and 44 relevant comparative studies in health-care and non-health-care settings (n=25 697 patients). Transmission of viruses was lower with physical distancing of 1 m or more, compared with a distance of less than 1 m (n=10 736, pooled adjusted odds ratio [aOR] 0·18, 95% CI 0·09 to 0·38; risk difference [RD] -10·2%, 95% CI -11·5 to -7·5; moderate certainty); protection was increased as distance was lengthened (change in relative risk [RR] 2·02 per m; p interaction =0·041; moderate certainty). Face mask use could result in a large reduction in risk of infection (n=2647; aOR 0·15, 95% CI 0·07 to 0·34, RD -14·3%, -15·9 to -10·7; low certainty), with stronger associations with N95 or similar respirators compared with disposable surgical masks or similar (eg, reusable 12-16-layer cotton masks; p interaction =0·090; posterior probability >95%, low certainty). Eye protection also was associated with less infection (n=3713; aOR 0·22, 95% CI 0·12 to 0·39, RD -10·6%, 95% CI -12·5 to -7·7; low certainty). Unadjusted studies and subgroup and sensitivity analyses showed similar findings. Interpretation The findings of this systematic review and meta-analysis support physical distancing of 1 m or more and provide quantitative estimates for models and contact tracing to inform policy. Optimum use of face masks, respirators, and eye protection in public and health-care settings should be informed by these findings and contextual factors. Robust randomised trials are needed to better inform the evidence for these interventions, but this systematic appraisal of currently best available evidence might inform interim guidance. Funding World Health Organization.",Derek K Chu | Elie A Akl | Stephanie Duda | Karla Solo | Sally Yaacoub | Holger J Schünemann,2020-06-01,Unknown,eye diseases | Europe PMC,eye diseases,Europe PMC,https://pubmed.ncbi.nlm.nih.gov/32497510/,treatment,2026-06-01 00:01:44.153,"physical distancing, face masks, and eye protection to prevent person-to-person transmission of sars-cov-2 and covid-19: a systematic review and meta-analysis. background severe acute respiratory syndrome coronavirus 2 (sars-cov-2) causes covid-19 and is spread person-to-person through close contact. we aimed to investigate the effects of physical distance, face masks, and eye protection on virus transmission in health-care and non-health-care (eg, community) settings. methods we did a systematic review and meta-analysis to investigate the optimum distance for avoiding person-to-person virus transmission and to assess the use of face masks and eye protection to prevent transmission of viruses. we obtained data for sars-cov-2 and the betacoronaviruses that cause severe acute respiratory syndrome, and middle east respiratory syndrome from 21 standard who-specific and covid-19-specific sources. we searched these data sources from database inception to may 3, 2020, with no restriction by language, for comparative studies and for contextual factors of acceptability, feasibility, resource use, and equity. we screened records, extracted data, and assessed risk of bias in duplicate. we did frequentist and bayesian meta-analyses and random-effects meta-regressions. we rated the certainty of evidence according to cochrane methods and the grade approach. this study is registered with prospero, crd . findings our search identified 172 observational studies across 16 countries and six continents, with no randomised controlled trials and 44 relevant comparative studies in health-care and non-health-care settings (n=25 697 patients). transmission of viruses was lower with physical distancing of 1 m or more, compared with a distance of less than 1 m (n=10 736, pooled adjusted odds ratio [aor] 0·18, 95% ci 0·09 to 0·38; risk difference [rd] -10·2%, 95% ci -11·5 to -7·5; moderate certainty); protection was increased as distance was lengthened (change in relative risk [rr] 2·02 per m; p interaction =0·041; moderate certainty). face mask use could result in a large reduction in risk of infection (n=2647; aor 0·15, 95% ci 0·07 to 0·34, rd -14·3%, -15·9 to -10·7; low certainty), with stronger associations with n95 or similar respirators compared with disposable surgical masks or similar (eg, reusable 12-16-layer cotton masks; p interaction =0·090; posterior probability >95%, low certainty). eye protection also was associated with less infection (n=3713; aor 0·22, 95% ci 0·12 to 0·39, rd -10·6%, 95% ci -12·5 to -7·7; low certainty). unadjusted studies and subgroup and sensitivity analyses showed similar findings. interpretation the findings of this systematic review and meta-analysis support physical distancing of 1 m or more and provide quantitative estimates for models and contact tracing to inform policy. optimum use of face masks, respirators, and eye protection in public and health-care settings should be informed by these findings and contextual factors. robust randomised trials are needed to better inform the evidence for these interventions, but this systematic appraisal of currently best available evidence might inform interim guidance. funding world health organization."
Post-Cardiotomy Extra-Corporeal Life Support Study,"Extracorporeal life support is increasingly used after cardiac surgery. Despite improved technology, outcome still remains poor. This retrospective multicenter cohort study aims to find the (risk) factors associated with the poor prognosis of these patients. Adult patients who received ECLS after cardiac surgery between 2000 and 2018 are eligible for inclusion",Maastricht University Medical Center,2019-03,Maastricht University Medical Center,Cardiogenic Shock | Resuscitation | Cardiac Surgery | heart disease | ClinicalTrials,heart disease,ClinicalTrials,https://clinicaltrials.gov/study/NCT03857217,treatment,2026-05-31 23:57:34.861,"post-cardiotomy extra-corporeal life support study extracorporeal life support is increasingly used after cardiac surgery. despite improved technology, outcome still remains poor. this retrospective multicenter cohort study aims to find the (risk) factors associated with the poor prognosis of these patients. adult patients who received ecls after cardiac surgery between 2000 and 2018 are eligible for inclusion"
The breast cancer conundrum,The breast cancer conundrum,WHO,2013-09-01,World Health Organization,News | cancer | WHO,cancer,WHO,https://iris.who.int/handle/10665/271370,other,2026-06-01 00:05:11.856,the breast cancer conundrum the breast cancer conundrum
Characterization of CT-Derived Pulmonary Vascular Abnormalities Associated with Pulmonary Hypertension in Chronic Lung Disease.,"Pulmonary vascular remodeling is implicated in the pathophysiology of pulmonary hypertension (PH) in chronic lung diseases. Computed tomography (CT) metrics of pulmonary vessels may provide insight into the impact of vessel morphology on PH severity in chronic lung diseases (CLD). Are CT-assessed pulmonary vascular abnormalities associated with the presence and severity of PH in chronic obstructive pulmonary disease (COPD) and fibrosing interstitial lung disease (ILD), and how are they related to parenchymal damage? We evaluated 117 patients with CLD (63 with COPD and 54 with ILD), and 38 subjects with idiopathic pulmonary arterial hypertension as a comparator group. Patients with COPD and ILD were stratified according to the presence and severity of PH using right heart catheterization. Pulmonary vessel volumes, stratified in arteries and veins, and the extent of emphysema and fibrosis were assessed by volumetric, non-contrast chest CT scans. Patients with COPD exhibited greater vascular and lung volumes than those with ILD, although they showed lower small-vessel volume when adjusted for lung volume. In both diseases, severe PH was associated with a reduced volume of small arteries normalized to total arterial volume (BV5art/TAV), more pronounced in COPD, who also showed larger central vessel volumes. In COPD, the extent of emphysema did not correlate with either hemodynamic impairment or small-vessel volume. In contrast, in ILD, the extent of fibrosis was unrelated to hemodynamic impairment but was inversely corelated with the volume of small arteries and veins. COPD and fibrosing ILD exhibit marked differences in pulmonary vessel morphology and their relationship with parenchymal remodeling, suggesting distinct mechanisms underlying PH development. In lung disease, the BV5art/TAV ratio appears to be a sensitive marker of hemodynamically confirmed severe PH, particularly in COPD, reflecting intravascular volume redistribution due to peripheral vessel remodeling.",Garcia Agustín R | Vollmer Iván | Blanco Isabel | San José Estepar Rubén | Rodriguez-Chiaradía Diego A | López-Meseguer Manuel | Martin-Ontiyuelo Clara | Nardelli Pietro | Hernandez-Gonzalez Fernanda | Bosacoma Adelaida | Ribas Jesús | Pomares Xavier | Santos Salud | Molina-Molina María | Sellares Jacobo | Rahaghi Farbod N | Washko George | San José Estepar Raúl | Barberà Joan A,2026-May,Chest,Chronic obstructive pulmonary disease | emphysema | interstitial lung disease | lung fibrosis | pulmonary circulation | pulmonary hypertension | vascular density | vessel remodeling | respiratory diseases | PubMed,respiratory diseases,PubMed,https://pubmed.ncbi.nlm.nih.gov/42208731/,other,2026-06-01 00:07:17.292,"characterization of ct-derived pulmonary vascular abnormalities associated with pulmonary hypertension in chronic lung disease. pulmonary vascular remodeling is implicated in the pathophysiology of pulmonary hypertension (ph) in chronic lung diseases. computed tomography (ct) metrics of pulmonary vessels may provide insight into the impact of vessel morphology on ph severity in chronic lung diseases (cld). are ct-assessed pulmonary vascular abnormalities associated with the presence and severity of ph in chronic obstructive pulmonary disease (copd) and fibrosing interstitial lung disease (ild), and how are they related to parenchymal damage? we evaluated 117 patients with cld (63 with copd and 54 with ild), and 38 subjects with idiopathic pulmonary arterial hypertension as a comparator group. patients with copd and ild were stratified according to the presence and severity of ph using right heart catheterization. pulmonary vessel volumes, stratified in arteries and veins, and the extent of emphysema and fibrosis were assessed by volumetric, non-contrast chest ct scans. patients with copd exhibited greater vascular and lung volumes than those with ild, although they showed lower small-vessel volume when adjusted for lung volume. in both diseases, severe ph was associated with a reduced volume of small arteries normalized to total arterial volume (bv5art/tav), more pronounced in copd, who also showed larger central vessel volumes. in copd, the extent of emphysema did not correlate with either hemodynamic impairment or small-vessel volume. in contrast, in ild, the extent of fibrosis was unrelated to hemodynamic impairment but was inversely corelated with the volume of small arteries and veins. copd and fibrosing ild exhibit marked differences in pulmonary vessel morphology and their relationship with parenchymal remodeling, suggesting distinct mechanisms underlying ph development. in lung disease, the bv5art/tav ratio appears to be a sensitive marker of hemodynamically confirmed severe ph, particularly in copd, reflecting intravascular volume redistribution due to peripheral vessel remodeling."
